	id	sentiment	ispos	predicted_ispos
0	1_1	-0.9	0	0
1	1_2	-0.15	0	0
2	1_3	-0.2	0	0
3	1_4	-0.1	0	0
4	1_5	-0.5	0	0
5	1_6	-0.95	0	1
6	1_7	-0.1	0	0
7	1_8	0.1	1	0
8	1_9	0.2	1	0
9	1_10	-0.05	0	0
10	1_11	-1.15	0	0
11	1_12	-0.65	0	0
12	1_13	0.05	1	0
13	1_14	0.25	1	0
14	1_15	1.15	1	0
15	1_16	0.2	1	0
16	1_17	-0.7	0	0
17	1_18	1.75	1	0
18	1_19	-0.65	0	0
19	1_20	2.85	1	0
20	1_21	1.75	1	0
21	1_22	1.25	1	0
22	1_23	2.2	1	0
23	1_24	2.25	1	0
24	2_1	2.9	1	1
25	2_2	2.8	1	1
26	2_3	2.4	1	0
27	2_4	1.45	1	1
28	2_5	2.35	1	0
29	2_6	2.4	1	0
30	2_7	2.4	1	1
31	2_8	1.3	1	0
32	2_9	1.15	1	0
33	2_10	0.65	1	1
34	2_11	2.05	1	1
35	2_12	1.4	1	0
36	2_13	1.35	1	1
37	2_14	0.9	1	0
38	2_15	1.75	1	1
39	2_16	-0.95	0	0
40	2_17	-0.85	0	0
41	2_18	0.1	1	0
42	2_19	2.6	1	1
43	2_20	1.95	1	0
44	3_1	-1.7	0	1
45	3_2	-1.6	0	0
46	3_3	-1.2	0	1
47	4_1	-2.25	0	0
48	4_2	-1.9	0	0
49	4_3	0.25	1	0
50	4_4	-2.6	0	0
51	4_5	-3.45	0	1
52	4_6	-2.3	0	1
53	4_7	-2.05	0	0
54	5_1	-2.75	0	1
55	5_2	1.7	1	0
56	5_3	-2.1	0	0
57	5_4	-1.8	0	0
58	5_5	-2.55	0	0
59	5_6	-0.05	0	1
60	5_7	-3.1	0	0
61	5_8	-0.6	0	0
62	5_9	-3.15	0	0
63	5_10	-1.6	0	0
64	5_11	-0.75	0	0
65	6_1	-2.6	0	1
66	6_2	-1.65	0	0
67	6_3	-2.8	0	0
68	7_1	2.15	1	1
69	7_2	0.65	1	1
70	7_3	2.8	1	0
71	7_4	1.6	1	0
72	7_5	1.55	1	0
73	7_6	0.05	1	1
74	7_7	2.05	1	0
75	7_8	2.3	1	0
76	7_9	2.7	1	1
77	8_1	-1.8	0	0
78	8_2	-0.05	0	0
79	8_3	0.45	1	1
80	8_4	-1.6	0	0
81	8_5	-0.55	0	0
82	9_1	-1.8	0	0
83	9_2	-2.15	0	0
84	9_3	-1.55	0	0
85	9_4	-2.35	0	0
86	9_5	-2.0	0	0
87	10_1	-0.7	0	0
88	10_2	-2.1	0	0
89	10_3	-2.45	0	0
90	10_4	-0.85	0	0
91	11_1	1.45	1	0
92	11_2	1.8	1	1
93	11_3	1.25	1	0
94	11_4	-0.9	0	0
95	11_5	-0.2	0	0
96	11_6	-1.2	0	0
97	11_7	0.05	1	0
98	19_3	-1.4	0	0
99	19_4	-0.9	0	0
100	19_5	0.25	1	1
101	19_6	-1.55	0	0
102	20_1	-2.1	0	0
103	20_2	-1.5	0	0
104	20_3	-1.65	0	0
105	20_4	-1.9	0	0
106	20_5	-2.2	0	0
107	21_1	-3.35	0	0
108	21_2	-1.95	0	0
109	21_3	-1.95	0	1
110	21_4	-2.15	0	0
111	21_5	-1.15	0	1
112	21_6	-2.65	0	0
113	21_7	-1.1	0	0
114	22_1	-3.0	0	0
115	22_2	-1.05	0	1
116	22_3	-2.05	0	1
117	22_4	-3.3	0	0
118	23_1	-2.2	0	0
119	23_2	-2.5	0	0
120	23_3	-1.75	0	0
121	23_4	-1.7	0	0
122	23_5	-1.3	0	0
123	23_6	-1.15	0	0
124	24_1	-2.25	0	0
125	24_2	1.2	1	0
126	24_3	-1.65	0	0
127	24_4	-2.35	0	0
128	24_5	-0.7	0	1
129	24_6	-1.7	0	0
130	24_7	0.35	1	0
131	24_8	-1.5	0	0
132	24_9	-1.65	0	0
133	24_10	-2.05	0	0
134	25_1	0.0	0	1
135	25_2	0.85	1	0
136	25_3	2.5	1	1
137	25_4	1.55	1	0
138	25_5	2.1	1	0
139	25_6	-1.4	0	0
140	26_1	-2.5	0	1
141	26_2	-2.3	0	0
142	26_3	-1.6	0	0
143	26_4	-2.1	0	0
144	26_5	-0.6	0	0
145	27_1	1.8	1	0
146	27_2	2.55	1	0
147	27_3	1.15	1	1
148	27_4	-0.7	0	0
149	27_5	2.15	1	0
150	27_6	1.55	1	0
151	27_7	2.25	1	0
152	27_8	2.3	1	0
153	27_9	1.6	1	1
154	27_10	-0.5	0	1
155	27_11	1.45	1	1
156	27_12	2.65	1	0
157	28_1	-2.95	0	0
158	28_2	0.35	1	0
159	28_3	-2.75	0	0
160	28_4	-1.75	0	0
161	28_5	-2.0	0	0
162	33_7	0.85	1	1
163	33_8	0.85	1	0
164	33_9	2.25	1	1
165	33_10	1.7	1	0
166	33_11	2.2	1	0
167	34_1	-1.65	0	0
168	34_2	-2.9	0	0
169	34_3	-1.85	0	0
170	34_4	-1.2	0	1
171	34_5	-1.75	0	0
172	34_6	-2.2	0	0
173	34_7	-3.25	0	0
174	34_8	0.0	0	0
175	34_9	-1.95	0	0
176	34_10	-2.1	0	0
177	34_11	0.9	1	0
178	34_12	2.4	1	0
179	35_1	2.15	1	0
180	35_2	3.2	1	0
181	35_3	2.55	1	1
182	35_4	-0.05	0	0
183	35_5	3.1	1	0
184	35_6	1.2	1	0
185	35_7	-0.05	0	0
186	35_9	0.1	1	0
187	35_10	1.7	1	1
188	36_1	-1.3	0	1
189	36_2	-1.75	0	0
190	36_3	-1.7	0	0
191	36_4	-2.3	0	0
192	37_1	2.05	1	0
193	37_2	-0.15	0	0
194	37_3	2.8	1	0
195	37_4	2.65	1	0
196	37_5	2.05	1	0
197	37_6	1.15	1	0
198	37_7	1.95	1	0
199	37_8	1.15	1	0
200	37_9	1.3	1	0
201	37_10	-0.1	0	0
202	37_11	2.05	1	1
203	37_12	-1.55	0	0
204	37_13	2.3	1	0
205	38_1	-2.4	0	0
206	38_2	-2.6	0	0
207	38_3	-2.05	0	0
208	38_4	-1.7	0	0
209	38_5	1.45	1	0
210	38_6	-1.65	0	0
211	38_7	-2.7	0	0
212	38_8	-3.45	0	0
213	39_1	-0.45	0	0
214	39_2	1.7	1	0
215	39_3	-1.45	0	0
216	39_4	-0.55	0	0
217	39_5	-2.2	0	0
218	40_1	-0.85	0	0
219	40_2	-1.8	0	0
220	40_3	0.1	1	0
221	40_4	-1.95	0	0
222	40_5	-1.3	0	0
223	40_6	-1.45	0	1
224	40_7	0.4	1	0
225	40_8	-0.25	0	0
226	40_9	-0.85	0	0
227	40_10	1.9	1	0
228	40_11	0.9	1	0
229	41_1	-0.4	0	0
230	41_2	-0.2	0	0
231	41_3	-1.95	0	0
232	42_1	-2.55	0	0
233	42_2	-2.3	0	0
234	42_3	-1.8	0	0
235	42_4	-0.9	0	0
236	42_5	-2.05	0	0
237	42_6	-1.7	0	1
238	42_7	-2.4	0	0
239	43_1	-1.95	0	0
240	43_2	-2.3	0	0
241	43_3	-2.15	0	0
242	43_4	-1.15	0	0
243	44_1	-1.45	0	0
244	44_2	1.65	1	1
245	44_3	1.7	1	0
246	44_4	1.3	1	0
247	44_5	2.05	1	0
248	44_6	-1.55	0	0
249	44_7	-1.5	0	0
250	44_8	-2.4	0	0
251	44_9	-0.65	0	0
252	44_10	-1.35	0	0
253	44_11	-1.35	0	0
254	45_1	1.8	1	0
255	45_2	-0.15	0	0
256	45_3	1.75	1	0
257	45_4	1.7	1	0
258	45_5	0.55	1	0
259	45_6	1.05	1	0
260	45_7	-1.2	0	1
261	45_8	-0.05	0	0
262	46_1	-0.1	0	0
263	46_2	1.85	1	0
264	46_3	0.0	0	1
265	46_4	1.45	1	0
266	46_5	0.6	1	0
267	47_1	2.55	1	0
268	47_2	0.0	0	0
269	47_3	0.7	1	0
270	47_4	2.55	1	1
271	47_5	3.0	1	1
272	48_1	-3.05	0	1
273	48_2	-3.25	0	0
274	48_3	0.0	0	0
275	48_4	2.4	1	1
276	48_5	1.4	1	0
277	48_6	-2.45	0	0
278	48_7	-1.65	0	0
279	48_8	-0.95	0	0
280	48_9	-0.95	0	0
281	48_10	-0.75	0	0
282	48_11	-1.35	0	0
283	48_12	-1.8	0	0
284	48_13	-1.95	0	0
285	48_14	-1.5	0	0
286	48_15	-3.1	0	0
287	49_1	-2.2	0	0
288	49_2	0.2	1	1
289	49_3	-2.8	0	0
290	49_4	-2.0	0	0
291	49_5	-2.5	0	0
292	50_1	-3.6	0	1
293	50_2	-2.35	0	0
294	50_3	-1.45	0	0
295	50_4	-1.45	0	0
296	50_5	-1.1	0	0
297	50_6	-1.0	0	0
298	50_7	-2.4	0	0
299	50_8	-2.1	0	1
300	50_9	-2.35	0	0
301	50_10	-0.7	0	0
302	50_11	-1.4	0	1
303	50_12	-3.7	0	0
304	51_1	-1.3	0	0
305	51_2	0.35	1	0
306	51_3	-2.25	0	0
307	51_4	-1.8	0	0
308	51_5	-1.8	0	0
309	51_6	-1.65	0	0
310	51_7	-3.5	0	0
311	51_8	-1.5	0	0
312	52_1	-2.75	0	0
313	52_2	0.0	0	0
314	52_3	-2.35	0	0
315	52_4	-1.75	0	0
316	52_5	-2.65	0	0
317	52_6	-1.6	0	0
318	53_1	-1.55	0	1
319	53_2	1.7	1	0
320	53_3	-1.5	0	0
321	53_4	-1.5	0	0
322	53_5	-1.3	0	0
323	53_6	-1.65	0	0
324	53_7	0.0	0	0
325	53_8	-0.25	0	0
326	54_1	0.9	1	0
327	54_2	1.85	1	1
328	54_3	-1.0	0	0
329	54_4	-0.7	0	0
330	54_5	0.15	1	0
331	54_6	2.7	1	0
332	54_7	2.85	1	1
333	54_8	1.8	1	0
334	54_9	1.55	1	0
335	54_10	1.4	1	0
336	55_1	-1.7	0	0
337	55_2	1.9	1	0
338	55_3	1.8	1	0
339	55_4	-1.85	0	0
340	55_5	-1.75	0	0
341	55_6	-1.8	0	0
342	55_7	1.45	1	0
343	55_8	-1.15	0	0
344	55_9	-2.4	0	0
345	56_1	1.75	1	1
346	56_2	0.4	1	0
347	56_3	1.25	1	0
348	56_4	0.25	1	0
349	56_5	0.1	1	0
350	56_6	2.25	1	0
351	56_7	0.0	0	0
352	56_8	2.75	1	0
353	56_9	-1.25	0	0
354	56_10	1.35	1	1
355	56_11	0.0	0	0
356	56_12	1.4	1	1
357	56_13	-0.2	0	1
358	56_14	0.1	1	1
359	57_1	2.5	1	1
360	57_2	0.15	1	0
361	57_3	2.0	1	0
362	57_4	3.15	1	1
363	57_5	2.35	1	0
364	58_1	-3.1	0	0
365	58_2	-1.45	0	0
366	58_3	-2.15	0	0
367	58_4	-1.35	0	0
368	58_5	-3.15	0	0
369	58_6	-2.55	0	0
370	59_1	-2.05	0	0
371	59_2	-1.9	0	0
372	60_1	-0.05	0	0
373	60_2	0.35	1	0
374	60_3	2.15	1	0
375	60_4	0.75	1	1
376	60_5	1.3	1	0
377	60_6	2.1	1	1
378	60_7	0.0	0	0
379	60_8	-1.1	0	0
380	60_9	0.15	1	0
381	60_10	-0.1	0	0
382	60_11	-1.3	0	0
383	60_12	0.85	1	0
384	60_13	1.05	1	0
385	60_14	0.85	1	0
386	60_15	0.8	1	1
387	60_16	2.3	1	0
388	60_17	-1.3	0	1
389	61_1	0.9	1	0
390	61_2	2.0	1	1
391	61_3	-1.0	0	0
392	61_4	-0.85	0	0
393	61_5	0.55	1	0
394	61_6	-0.8	0	0
395	61_7	-0.95	0	0
396	62_1	-0.1	0	0
397	62_2	-1.7	0	0
398	62_3	-1.1	0	0
399	62_4	-1.8	0	0
400	62_5	-1.9	0	0
401	62_6	0.0	0	0
402	62_7	-2.85	0	0
403	63_1	-2.05	0	0
404	63_2	0.5	1	0
405	63_3	1.45	1	0
406	63_4	-1.15	0	0
407	63_5	-1.65	0	0
408	63_6	2.0	1	1
409	63_7	-1.9	0	0
410	64_1	-0.05	0	1
411	64_2	-0.05	0	0
412	64_3	-0.95	0	0
413	64_4	2.3	1	0
414	64_5	-0.3	0	0
415	64_6	-1.2	0	1
416	64_7	0.6	1	1
417	65_1	0.0	0	0
418	65_2	0.2	1	0
419	65_3	2.65	1	1
420	65_4	-0.95	0	0
421	66_1	2.3	1	1
422	66_2	0.2	1	0
423	66_3	0.0	0	0
424	66_4	2.3	1	0
425	66_5	-0.05	0	0
426	66_6	-1.0	0	0
427	67_1	-1.65	0	0
428	67_2	-3.15	0	0
429	67_3	1.85	1	0
430	67_4	0.15	1	1
431	67_5	0.35	1	1
432	67_6	1.2	1	0
433	67_7	0.95	1	1
434	67_8	-1.7	0	0
435	67_9	-1.4	0	0
436	67_10	0.15	1	0
437	67_11	-1.65	0	0
438	67_12	0.25	1	0
439	67_13	-1.65	0	0
440	68_1	-2.4	0	0
441	68_2	2.1	1	0
442	68_3	-2.1	0	1
443	68_4	-1.15	0	0
444	69_1	-2.15	0	0
445	69_2	0.25	1	1
446	69_3	-2.8	0	1
447	69_4	0.5	1	0
448	69_5	1.0	1	0
449	69_6	-1.45	0	0
450	69_7	-2.25	0	0
451	69_8	-3.3	0	0
452	70_1	-2.1	0	0
453	70_2	2.05	1	0
454	70_3	-1.6	0	0
455	70_4	-1.9	0	0
456	70_5	-2.25	0	0
457	70_6	-1.65	0	1
458	70_7	-0.7	0	0
459	70_8	-1.85	0	1
460	71_1	-3.1	0	0
461	71_2	1.4	1	0
462	71_3	-2.55	0	0
463	71_4	-1.8	0	0
464	71_5	-2.2	0	0
465	71_6	-1.8	0	0
466	71_7	-2.35	0	0
467	72_1	0.0	0	0
468	72_2	2.95	1	0
469	72_3	0.05	1	0
470	72_4	-1.35	0	1
471	72_5	-2.25	0	0
472	72_6	-0.9	0	0
473	72_7	-1.25	0	0
474	72_8	3.0	1	1
475	72_9	1.55	1	0
476	72_10	1.85	1	0
477	73_1	0.05	1	1
478	73_2	1.95	1	0
479	73_3	-2.0	0	0
480	73_4	2.2	1	1
481	73_5	1.2	1	0
482	73_6	1.45	1	0
483	74_1	2.65	1	0
484	74_2	0.6	1	0
485	74_3	1.45	1	0
486	74_4	1.6	1	0
487	74_5	1.75	1	0
488	74_6	2.55	1	0
489	74_7	0.5	1	0
490	74_8	2.0	1	0
491	75_1	0.15	1	0
492	75_2	-1.85	0	0
493	75_3	-1.65	0	0
494	75_4	-1.65	0	0
495	75_5	0.45	1	1
496	75_6	-0.7	0	0
497	75_7	-0.3	0	0
498	75_8	-0.45	0	0
499	76_1	0.35	1	0
500	76_2	-0.4	0	0
501	76_3	0.0	0	0
502	76_4	-2.35	0	0
503	76_5	0.9	1	0
504	76_6	-1.45	0	0
505	76_7	-0.8	0	0
506	76_8	-0.5	0	0
507	76_9	0.35	1	1
508	76_10	-2.15	0	0
509	76_11	2.0	1	0
510	76_12	1.75	1	0
511	76_13	-1.0	0	0
512	76_14	1.5	1	0
513	76_15	-0.75	0	0
514	77_1	2.25	1	0
515	77_2	0.45	1	0
516	77_3	2.4	1	0
517	77_4	-0.05	0	0
518	77_5	-1.25	0	0
519	77_6	-1.0	0	0
520	78_1	0.0	0	1
521	78_2	-0.65	0	0
522	78_3	-0.5	0	1
523	78_4	0.7	1	0
524	78_5	0.25	1	0
525	78_6	-2.05	0	0
526	78_7	-2.4	0	1
527	78_8	-1.25	0	0
528	78_9	0.1	1	0
529	78_10	0.05	1	0
530	78_11	-0.8	0	1
531	78_12	-2.05	0	0
532	78_13	0.5	1	0
533	78_14	-1.6	0	0
534	78_15	-1.2	0	0
535	78_16	-1.1	0	0
536	78_17	-1.25	0	1
537	78_18	-0.25	0	1
538	78_19	-1.6	0	1
539	78_20	-1.1	0	0
540	78_21	-0.05	0	0
541	78_22	-2.35	0	0
542	79_1	-1.9	0	1
543	79_2	0.1	1	1
544	79_3	-0.85	0	1
545	79_4	-1.15	0	0
546	79_5	-1.85	0	0
547	80_1	-0.45	0	0
548	80_2	1.1	1	0
549	80_3	0.05	1	0
550	80_4	-0.45	0	0
551	80_5	-0.4	0	0
552	81_1	2.55	1	0
553	81_2	0.25	1	0
554	81_3	2.45	1	0
555	81_4	2.1	1	1
556	81_5	-1.0	0	0
557	81_6	-1.0	0	0
558	81_7	2.7	1	0
559	82_1	-1.25	0	0
560	82_2	0.1	1	0
561	82_3	-1.6	0	0
562	82_4	-0.85	0	0
563	82_5	-1.55	0	0
564	82_6	-0.05	0	0
565	82_7	-1.75	0	0
566	83_1	-1.45	0	0
567	83_2	-2.3	0	0
568	83_3	-1.9	0	0
569	83_4	-1.9	0	0
570	84_1	-2.1	0	0
571	84_2	-2.15	0	0
572	84_3	-1.35	0	0
573	84_4	-0.6	0	0
574	84_5	-1.0	0	0
575	84_6	-3.05	0	0
576	84_7	-1.75	0	0
577	84_8	-1.05	0	0
578	84_9	0.9	1	0
579	84_10	1.0	1	0
580	84_11	-1.45	0	0
581	85_1	-2.2	0	1
582	85_2	0.65	1	1
583	85_3	-2.75	0	0
584	85_4	-1.7	0	1
585	85_5	-2.1	0	0
586	85_6	-1.6	0	1
587	85_7	-1.75	0	0
588	85_8	-1.7	0	0
589	85_9	1.4	1	1
590	85_10	-3.05	0	0
591	86_1	-1.15	0	0
592	86_2	-1.75	0	0
593	86_3	-2.0	0	0
594	87_1	-0.8	0	0
595	87_2	1.65	1	0
596	87_3	1.25	1	0
597	87_4	-1.1	0	0
598	87_5	-1.0	0	0
599	87_6	1.6	1	0
600	87_7	0.15	1	0
601	87_8	-1.4	0	0
602	87_9	-0.3	0	0
603	87_10	-0.2	0	0
604	87_11	-1.75	0	0
605	87_12	-2.05	0	0
606	87_13	-1.2	0	0
607	87_14	-0.95	0	0
608	87_15	-0.1	0	0
609	87_16	1.6	1	0
610	87_17	1.0	1	0
611	87_18	-0.55	0	0
612	87_19	-1.8	0	1
613	88_1	-2.35	0	0
614	88_2	-0.25	0	0
615	88_3	-1.8	0	0
616	88_4	0.15	1	0
617	88_5	-1.85	0	0
618	88_6	-1.25	0	0
619	89_1	1.7	1	0
620	89_2	2.2	1	0
621	89_3	0.1	1	1
622	89_4	1.85	1	0
623	90_1	2.3	1	0
624	90_2	2.4	1	0
625	90_3	2.6	1	0
626	90_4	1.7	1	1
627	90_5	1.95	1	1
628	91_1	-2.1	0	0
629	91_2	1.5	1	1
630	91_3	-1.15	0	1
631	91_4	-1.7	0	0
632	91_5	-2.35	0	0
633	92_1	-1.1	0	1
634	92_2	2.2	1	1
635	92_3	0.9	1	0
636	92_4	-1.0	0	0
637	92_5	1.75	1	0
638	92_6	-1.95	0	0
639	92_7	-2.2	0	0
640	92_8	-1.15	0	0
641	92_9	-0.45	0	0
642	92_10	-1.65	0	0
643	92_11	-2.4	0	0
644	92_12	-0.75	0	0
645	93_1	-0.9	0	0
646	93_2	-1.2	0	0
647	93_3	0.0	0	0
648	93_4	-2.0	0	0
649	93_5	-1.0	0	1
650	93_6	0.05	1	0
651	93_7	-2.4	0	0
652	93_8	0.5	1	0
653	94_1	1.8	1	0
654	94_2	0.0	0	0
655	94_3	-1.65	0	0
656	94_4	0.65	1	0
657	94_5	-1.35	0	0
658	94_6	-0.2	0	0
659	94_7	1.5	1	0
660	94_8	1.95	1	0
661	95_1	0.15	1	0
662	95_2	0.8	1	0
663	95_3	-1.45	0	0
664	95_4	1.15	1	0
665	95_5	-0.2	0	0
666	95_6	0.9	1	0
667	96_1	2.25	1	0
668	96_2	2.35	1	1
669	96_3	1.7	1	1
670	96_4	2.3	1	1
671	96_5	2.05	1	0
672	97_1	3.0	1	1
673	97_2	2.45	1	1
674	97_3	0.1	1	0
675	97_4	-0.85	0	1
676	97_5	2.65	1	0
677	97_6	1.2	1	0
678	97_7	2.3	1	0
679	97_8	1.6	1	0
680	97_9	2.5	1	0
681	97_10	-1.45	0	0
682	97_11	0.0	0	0
683	98_1	1.65	1	0
684	98_2	2.15	1	1
685	98_3	2.45	1	1
686	98_4	1.35	1	1
687	98_5	0.15	1	0
688	98_6	1.0	1	0
689	98_7	1.95	1	0
690	98_8	1.4	1	1
691	98_9	0.25	1	1
692	98_10	-0.2	0	0
693	98_11	1.6	1	0
694	99_1	3.35	1	1
695	99_2	1.8	1	0
696	99_3	0.15	1	0
697	99_4	0.05	1	0
698	99_5	1.9	1	1
699	99_6	0.1	1	0
700	99_7	2.35	1	1
701	99_8	2.0	1	0
702	99_9	-0.15	0	0
703	99_10	2.25	1	1
704	99_11	2.9	1	1
705	99_12	2.55	1	1
706	100_1	1.7	1	0
707	100_2	1.6	1	0
708	100_3	3.2	1	0
709	100_4	2.2	1	1
710	100_5	2.2	1	1
711	100_6	0.85	1	1
712	100_7	0.0	0	0
713	100_8	2.55	1	1
714	100_9	0.45	1	0
715	100_10	-1.15	0	0
716	100_11	-0.2	0	1
717	100_12	-1.0	0	0
718	100_13	-0.35	0	0
719	100_14	1.65	1	0
720	100_15	2.05	1	1
721	101_1	0.0	0	0
722	101_2	2.75	1	1
723	101_3	2.05	1	1
724	101_4	0.55	1	0
725	101_5	3.1	1	0
726	101_6	2.4	1	1
727	101_7	1.75	1	0
728	101_8	1.05	1	1
729	101_9	3.6	1	1
730	101_10	3.05	1	0
731	102_1	2.6	1	0
732	102_2	2.9	1	0
733	102_3	2.2	1	1
734	102_4	-0.2	0	1
735	102_5	-0.3	0	0
736	102_6	-1.5	0	0
737	102_7	1.8	1	0
738	103_1	2.95	1	0
739	103_2	3.05	1	1
740	103_3	0.7	1	0
741	103_4	1.85	1	0
742	103_5	-0.35	0	0
743	103_6	-1.35	0	1
744	103_7	2.05	1	0
745	104_1	2.35	1	1
746	104_2	2.3	1	1
747	104_3	2.0	1	0
748	104_4	2.0	1	1
749	104_5	1.55	1	1
750	104_6	1.15	1	0
751	104_7	-2.15	0	1
752	105_1	2.8	1	1
753	105_2	1.75	1	1
754	105_3	1.5	1	1
755	105_4	1.35	1	1
756	105_5	2.95	1	1
757	105_6	2.3	1	0
758	105_7	2.55	1	0
759	105_8	-1.05	0	0
760	105_9	1.75	1	1
761	105_10	3.1	1	1
762	106_1	3.05	1	1
763	106_3	2.3	1	0
764	106_4	2.4	1	1
765	106_5	-1.15	0	0
766	106_6	-0.3	0	0
767	106_7	2.15	1	1
768	106_8	0.9	1	0
769	106_9	2.9	1	1
770	106_10	2.6	1	0
771	107_1	3.65	1	0
772	107_2	3.2	1	1
773	107_3	2.6	1	0
774	107_4	3.5	1	1
775	107_5	0.9	1	0
776	107_6	0.85	1	0
777	107_7	-0.3	0	0
778	107_8	2.05	1	1
779	108_1	2.3	1	1
780	108_2	0.4	1	0
781	108_3	-0.15	0	0
782	108_4	0.4	1	0
783	108_5	2.95	1	0
784	108_6	2.5	1	1
785	108_7	2.75	1	1
786	108_8	0.6	1	0
787	108_9	-1.5	0	0
788	108_10	1.8	1	1
789	109_1	2.75	1	1
790	109_2	2.05	1	1
791	109_3	2.55	1	0
792	109_4	2.3	1	0
793	109_5	2.9	1	1
794	109_6	-0.65	0	0
795	109_7	1.7	1	1
796	109_8	0.8	1	0
797	109_9	1.55	1	1
798	109_10	2.15	1	1
799	109_11	-1.95	0	0
800	109_12	2.3	1	1
801	109_13	1.5	1	0
802	109_14	2.95	1	0
803	109_15	-1.3	0	0
804	109_16	3.25	1	0
805	110_1	2.75	1	1
806	110_2	1.9	1	0
807	110_3	2.85	1	0
808	110_4	2.3	1	0
809	110_5	2.55	1	1
810	110_6	1.4	1	0
811	110_7	0.3	1	0
812	110_8	-1.3	0	0
813	110_9	2.8	1	1
814	110_10	3.3	1	0
815	110_11	2.85	1	0
816	111_1	3.0	1	1
817	111_2	2.8	1	1
818	111_3	1.75	1	0
819	111_4	1.65	1	1
820	111_5	-0.8	0	0
821	111_6	0.35	1	0
822	111_7	3.5	1	1
823	111_8	3.5	1	0
824	112_1	-1.55	0	0
825	113_1	2.75	1	0
826	113_2	1.15	1	0
827	113_3	-1.05	0	0
828	113_4	-1.25	0	0
829	114_1	2.3	1	0
830	114_2	2.25	1	0
831	114_3	2.95	1	1
832	114_4	0.15	1	0
833	114_5	2.5	1	0
834	114_6	2.65	1	1
835	114_7	1.6	1	0
836	114_8	0.55	1	0
837	115_1	-1.85	0	0
838	115_2	-1.5	0	0
839	115_3	-1.55	0	0
840	115_4	-0.9	0	0
841	115_5	0.65	1	0
842	115_6	0.9	1	0
843	115_7	-1.65	0	0
844	115_8	0.05	1	0
845	115_9	0.95	1	0
846	115_10	-1.8	0	0
847	115_11	0.05	1	0
848	115_12	-1.6	0	0
849	115_13	2.1	1	0
850	115_14	3.0	1	1
851	115_15	-0.95	0	0
852	115_16	0.0	0	0
853	115_17	-0.9	0	0
854	115_18	-0.5	0	1
855	115_19	-0.35	0	0
856	115_20	2.05	1	0
857	115_21	2.75	1	1
858	115_22	-0.05	0	0
859	115_23	0.05	1	0
860	115_24	1.0	1	0
861	116_1	0.1	1	0
862	116_2	0.1	1	0
863	116_3	0.2	1	0
864	116_4	-1.15	0	0
865	116_5	-0.1	0	0
866	116_6	2.2	1	0
867	116_7	-1.65	0	0
868	116_8	-1.05	0	0
869	116_9	2.05	1	0
870	116_10	1.2	1	0
871	116_11	1.05	1	0
872	116_12	-1.05	0	0
873	116_13	-2.2	0	0
874	116_14	1.3	1	0
875	116_15	-0.3	0	0
876	116_16	0.15	1	0
877	116_17	-0.4	0	1
878	116_18	1.2	1	1
879	116_19	0.35	1	0
880	116_20	-1.1	0	0
881	116_21	1.0	1	1
882	116_22	-0.8	0	0
883	116_23	-1.4	0	0
884	116_24	-0.4	0	0
885	116_25	2.75	1	0
886	116_26	1.1	1	0
887	116_27	2.2	1	1
888	116_28	-1.35	0	0
889	116_29	-0.8	0	1
890	116_30	0.2	1	0
891	116_31	0.3	1	0
892	116_32	-0.1	0	0
893	116_33	0.1	1	1
894	116_34	2.65	1	1
895	116_35	2.6	1	1
896	116_36	0.65	1	1
897	116_37	0.7	1	1
898	116_38	0.95	1	1
899	116_39	2.15	1	1
900	116_40	2.95	1	0
901	117_1	3.1	1	0
902	117_2	2.45	1	1
903	117_3	3.05	1	0
904	117_4	-1.45	0	0
905	117_5	1.3	1	0
906	117_6	3.2	1	1
907	117_7	2.55	1	0
908	117_8	1.3	1	1
909	117_9	-0.2	0	0
910	117_10	1.15	1	0
911	118_1	2.4	1	0
912	118_2	0.45	1	0
913	118_3	2.15	1	0
914	118_4	2.65	1	1
915	118_5	2.65	1	1
916	118_6	2.7	1	0
917	118_7	0.2	1	0
918	118_8	2.1	1	0
919	118_9	3.0	1	1
920	118_10	2.45	1	1
921	118_11	-1.0	0	0
922	118_12	0.4	1	0
923	118_13	-0.2	0	0
924	118_14	0.4	1	0
925	118_15	3.0	1	0
926	119_1	2.75	1	0
927	119_2	2.85	1	0
928	119_3	2.1	1	1
929	119_4	1.6	1	0
930	119_5	3.0	1	1
931	119_6	1.75	1	0
932	119_7	1.65	1	0
933	119_8	2.25	1	1
934	119_9	0.0	0	1
935	119_10	2.9	1	1
936	119_11	1.5	1	1
937	119_12	0.3	1	0
938	119_13	0.85	1	1
939	119_14	0.45	1	0
940	119_15	-0.15	0	0
941	119_16	1.25	1	0
942	119_17	1.35	1	0
943	119_18	2.8	1	0
944	119_19	2.2	1	0
945	119_20	2.5	1	1
946	119_21	1.95	1	0
947	119_22	-0.35	0	1
948	119_23	3.15	1	0
949	125_2	-1.05	0	0
950	125_3	1.1	1	0
951	125_4	2.35	1	1
952	125_5	-0.15	0	0
953	125_6	0.15	1	0
954	125_7	2.0	1	0
955	125_8	-1.6	0	0
956	125_9	-1.1	0	0
957	125_11	-1.2	0	0
958	125_12	-1.85	0	0
959	125_13	-1.55	0	0
960	125_14	0.1	1	1
961	125_15	1.1	1	1
962	125_16	1.3	1	0
963	126_1	3.1	1	1
964	126_2	-0.9	0	0
965	126_4	0.45	1	0
966	126_5	0.2	1	1
967	126_6	2.6	1	1
968	126_7	3.1	1	0
969	126_8	3.6	1	1
970	126_9	0.05	1	0
971	126_10	3.6	1	1
972	126_11	3.0	1	1
973	126_12	0.35	1	0
974	126_13	-0.15	0	0
975	126_14	3.15	1	1
976	127_1	1.35	1	0
977	127_2	0.6	1	0
978	127_3	2.55	1	0
979	127_4	2.4	1	0
980	127_5	0.0	0	0
981	127_6	1.4	1	0
982	127_7	2.3	1	1
983	127_8	2.05	1	0
984	127_9	1.7	1	0
985	127_10	-1.1	0	0
986	127_11	2.65	1	1
987	127_12	-0.55	0	0
988	127_13	2.4	1	0
989	127_14	-0.65	0	0
990	127_15	2.6	1	1
991	127_16	2.9	1	1
992	127_17	0.05	1	0
993	128_1	-0.15	0	0
994	128_2	0.35	1	1
995	128_3	-0.35	0	0
996	128_4	2.5	1	1
997	128_5	-0.35	0	0
998	128_6	3.0	1	1
999	128_7	3.15	1	1
1000	128_8	1.7	1	0
1001	129_1	2.1	1	0
1002	129_2	2.35	1	0
1003	129_3	0.35	1	0
1004	129_4	1.65	1	0
1005	129_5	2.1	1	0
1006	129_6	-0.6	0	1
1007	129_7	-1.3	0	0
1008	129_8	-0.9	0	0
1009	129_9	-0.6	0	0
1010	129_10	0.35	1	1
1011	129_11	-1.45	0	0
1012	129_12	-1.15	0	0
1013	129_13	0.0	0	0
1014	129_14	-0.45	0	0
1015	129_15	-0.7	0	0
1016	129_16	1.55	1	0
1017	129_17	2.0	1	0
1018	129_18	1.4	1	0
1019	129_19	2.2	1	0
1020	130_1	3.55	1	1
1021	130_2	0.95	1	1
1022	130_3	1.85	1	0
1023	130_4	1.8	1	0
1024	130_5	0.05	1	1
1025	131_1	1.3	1	0
1026	131_2	2.5	1	1
1027	131_3	0.2	1	0
1028	131_4	1.1	1	0
1029	131_5	1.4	1	0
1030	131_6	2.05	1	1
1031	131_7	1.85	1	1
1032	131_8	1.4	1	0
1033	131_9	-0.65	0	0
1034	131_10	-2.75	0	0
1035	131_11	2.1	1	1
1036	131_12	1.9	1	0
1037	131_13	0.45	1	0
1038	131_14	0.05	1	0
1039	131_15	0.2	1	0
1040	131_16	0.3	1	0
1041	131_17	1.7	1	0
1042	131_18	0.15	1	0
1043	132_1	2.15	1	0
1044	132_2	-0.7	0	0
1045	132_3	2.4	1	0
1046	132_4	3.5	1	1
1047	132_5	1.05	1	0
1048	132_6	2.5	1	1
1049	132_7	-1.85	0	0
1050	132_8	0.15	1	0
1051	132_9	1.85	1	0
1052	133_1	3.0	1	0
1053	133_2	3.25	1	1
1054	134_1	2.15	1	0
1055	134_2	2.0	1	1
1056	134_3	-1.65	0	0
1057	134_4	1.9	1	0
1058	134_5	2.15	1	1
1059	134_6	1.3	1	0
1060	134_7	1.65	1	0
1061	134_8	1.65	1	0
1062	134_9	1.85	1	1
1063	134_10	-1.55	0	0
1064	134_11	0.9	1	0
1065	134_12	-0.25	0	0
1066	134_13	-0.8	0	1
1067	134_14	-0.1	0	1
1068	134_15	-0.85	0	1
1069	134_16	-0.5	0	1
1070	134_17	-1.15	0	1
1071	134_18	-1.2	0	0
1072	134_19	-1.6	0	1
1073	134_20	1.05	1	1
1074	134_21	-2.65	0	1
1075	134_22	-0.6	0	1
1076	134_23	2.75	1	0
1077	134_24	2.1	1	1
1078	134_25	1.2	1	1
1079	134_26	3.0	1	1
1080	134_27	2.4	1	1
1081	134_28	1.6	1	0
1082	134_29	2.55	1	1
1083	134_30	0.05	1	0
1084	134_31	0.15	1	0
1085	134_32	0.8	1	0
1086	135_1	2.8	1	1
1087	135_2	2.2	1	0
1088	135_3	2.6	1	0
1089	136_1	3.15	1	1
1090	136_2	1.3	1	1
1091	136_3	1.1	1	1
1092	136_4	0.1	1	0
1093	136_5	0.0	0	0
1094	136_6	0.05	1	0
1095	136_7	-0.05	0	1
1096	136_8	-0.05	0	0
1097	136_9	0.0	0	1
1098	136_10	0.45	1	0
1099	136_11	-1.2	0	0
1100	136_12	-1.2	0	0
1101	136_13	3.65	1	0
1102	136_14	2.85	1	0
1103	136_15	0.2	1	0
1104	136_16	1.0	1	0
1105	136_17	1.2	1	0
1106	136_18	-1.4	0	1
1107	136_19	1.4	1	1
1108	136_20	2.55	1	0
1109	136_21	2.0	1	0
1110	136_22	-0.3	0	0
1111	136_23	2.3	1	0
1112	136_24	0.2	1	1
1113	137_1	2.2	1	1
1114	137_2	2.55	1	1
1115	137_3	1.3	1	0
1116	137_4	0.05	1	1
1117	138_1	-1.05	0	0
1118	138_2	-1.0	0	0
1119	138_3	-2.0	0	0
1120	138_4	-1.8	0	0
1121	138_5	-1.1	0	0
1122	138_6	-1.15	0	0
1123	138_7	-0.65	0	0
1124	138_8	-0.1	0	0
1125	138_9	-1.45	0	0
1126	138_10	-1.5	0	0
1127	138_11	-0.95	0	0
1128	138_12	-1.9	0	0
1129	138_13	-1.3	0	0
1130	138_14	-1.15	0	1
1131	138_15	-2.8	0	1
1132	139_1	-2.35	0	0
1133	139_2	-1.2	0	0
1134	139_3	-1.15	0	0
1135	139_4	-1.75	0	0
1136	139_5	1.95	1	0
1137	139_6	2.1	1	1
1138	139_7	-1.1	0	0
1139	139_8	-1.7	0	0
1140	140_1	2.9	1	0
1141	140_2	1.5	1	1
1142	140_3	1.25	1	0
1143	140_4	2.35	1	1
1144	140_5	0.7	1	1
1145	140_6	1.85	1	1
1146	140_7	2.45	1	1
1147	140_8	1.7	1	1
1148	140_9	2.85	1	1
1149	140_10	2.25	1	0
1150	140_11	1.2	1	0
1151	140_12	2.15	1	0
1152	140_13	0.55	1	1
1153	140_14	1.7	1	0
1154	140_15	1.5	1	1
1155	140_16	0.0	0	0
1156	140_17	-1.2	0	0
1157	140_18	-1.0	0	0
1158	140_19	-1.6	0	0
1159	140_20	-1.45	0	0
1160	140_21	0.4	1	0
1161	140_22	0.95	1	0
1162	140_23	-0.15	0	0
1163	140_24	2.8	1	0
1164	140_25	2.0	1	0
1165	140_26	0.7	1	0
1166	140_27	2.55	1	0
1167	140_28	0.25	1	0
1168	140_29	2.45	1	1
1169	140_30	0.45	1	0
1170	140_31	1.1	1	1
1171	140_32	0.2	1	0
1172	140_33	1.2	1	0
1173	140_34	1.55	1	0
1174	140_35	0.05	1	0
1175	140_36	2.05	1	1
1176	140_37	0.45	1	0
1177	140_38	2.5	1	1
1178	141_1	2.65	1	0
1179	141_2	1.9	1	0
1180	141_3	3.0	1	1
1181	141_4	0.55	1	1
1182	141_5	0.55	1	0
1183	141_6	2.95	1	0
1184	142_1	3.1	1	1
1185	142_2	1.3	1	0
1186	142_3	2.95	1	0
1187	142_4	0.95	1	1
1188	142_5	0.7	1	0
1189	142_6	2.7	1	0
1190	142_7	-1.1	0	0
1191	142_8	2.05	1	1
1192	143_1	2.9	1	1
1193	143_2	2.55	1	0
1194	143_3	1.35	1	0
1195	143_4	1.75	1	0
1196	143_5	1.8	1	0
1197	143_6	1.4	1	1
1198	143_7	2.1	1	0
1199	143_8	1.25	1	1
1200	143_9	0.85	1	0
1201	143_10	3.1	1	0
1202	144_1	1.8	1	0
1203	144_2	1.3	1	0
1204	144_3	2.3	1	1
1205	144_4	1.85	1	0
1206	144_5	2.0	1	0
1207	144_6	2.95	1	1
1208	144_7	2.3	1	0
1209	144_8	-0.25	0	0
1210	145_1	3.35	1	1
1211	145_2	0.05	1	0
1212	145_3	2.85	1	1
1213	145_4	0.5	1	0
1214	145_5	1.7	1	1
1215	146_1	-1.4	0	0
1216	146_3	-0.25	0	0
1217	146_4	0.2	1	0
1218	146_5	2.0	1	0
1219	146_6	-1.5	0	0
1220	146_7	-1.75	0	0
1221	146_8	0.65	1	0
1222	146_9	-1.65	0	1
1223	146_10	-1.95	0	0
1224	146_11	0.95	1	0
1225	146_12	-0.85	0	0
1226	147_1	0.85	1	0
1227	147_2	-0.75	0	0
1228	147_3	-1.75	0	0
1229	147_4	-1.2	0	0
1230	147_5	-0.5	0	0
1231	147_6	-1.9	0	0
1232	147_7	-1.2	0	1
1233	147_8	-0.8	0	0
1234	147_9	-2.25	0	0
1235	147_10	0.55	1	0
1236	147_11	-0.2	0	0
1237	147_12	2.7	1	1
1238	147_13	2.45	1	1
1239	148_1	-2.05	0	1
1240	148_2	-1.95	0	0
1241	148_3	-1.9	0	0
1242	148_4	-2.6	0	0
1243	148_5	-1.8	0	0
1244	148_6	0.05	1	1
1245	148_7	-0.45	0	1
1246	149_1	-1.75	0	0
1247	149_2	-2.5	0	1
1248	149_3	-1.5	0	1
1249	149_4	-0.9	0	0
1250	149_5	-1.6	0	0
1251	149_6	1.65	1	0
1252	149_7	-1.6	0	0
1253	150_1	2.55	1	1
1254	150_2	3.05	1	1
1255	150_3	0.05	1	0
1256	150_4	-0.95	0	0
1257	150_5	0.15	1	0
1258	150_6	0.2	1	0
1259	150_7	0.05	1	0
1260	150_8	0.05	1	1
1261	150_9	1.65	1	1
1262	150_10	2.6	1	0
1263	150_11	3.25	1	1
1264	150_12	-0.1	0	0
1265	150_13	-1.5	0	0
1266	150_14	-1.55	0	0
1267	150_15	0.7	1	0
1268	150_16	-0.1	0	0
1269	150_17	-0.2	0	0
1270	150_18	1.55	1	0
1271	150_19	0.1	1	1
1272	150_20	2.95	1	0
1273	150_21	1.95	1	0
1274	151_1	1.35	1	1
1275	151_2	2.8	1	0
1276	151_3	2.1	1	0
1277	151_4	2.0	1	0
1278	151_5	1.95	1	0
1279	151_6	0.05	1	0
1280	151_7	2.35	1	1
1281	151_8	0.45	1	0
1282	151_9	0.85	1	0
1283	151_10	-0.7	0	0
1284	151_11	1.4	1	0
1285	151_12	1.6	1	1
1286	151_13	1.8	1	0
1287	151_14	2.9	1	1
1288	152_1	0.1	1	0
1289	152_2	2.4	1	1
1290	152_3	-1.4	0	0
1291	152_4	0.05	1	0
1292	152_5	-1.5	0	0
1293	152_6	-0.75	0	0
1294	152_7	2.75	1	0
1295	152_8	-0.8	0	0
1296	152_9	0.05	1	0
1297	152_10	1.55	1	1
1298	152_11	-1.2	0	0
1299	153_1	2.3	1	0
1300	153_2	1.05	1	1
1301	153_3	2.95	1	0
1302	153_4	2.3	1	0
1303	153_5	1.5	1	1
1304	153_6	2.7	1	1
1305	153_7	2.55	1	1
1306	153_8	2.95	1	1
1307	153_9	1.85	1	1
1308	153_10	0.0	0	0
1309	153_11	0.9	1	0
1310	153_12	-0.1	0	1
1311	153_13	1.35	1	0
1312	153_14	2.9	1	0
1313	153_15	1.6	1	1
1314	153_16	1.15	1	0
1315	153_17	3.0	1	1
1316	154_1	2.6	1	1
1317	154_2	3.1	1	1
1318	154_3	1.35	1	1
1319	154_4	2.0	1	1
1320	154_5	2.1	1	0
1321	155_1	1.9	1	0
1322	155_2	2.2	1	1
1323	155_3	1.5	1	1
1324	155_4	-0.7	0	0
1325	155_5	1.8	1	0
1326	155_6	1.55	1	1
1327	155_7	2.95	1	1
1328	156_1	2.8	1	1
1329	156_2	0.8	1	0
1330	156_3	0.35	1	0
1331	156_4	2.95	1	1
1332	156_5	2.25	1	0
1333	156_6	1.5	1	0
1334	156_7	-0.95	0	0
1335	156_8	2.5	1	1
1336	157_1	2.65	1	1
1337	157_2	0.0	0	0
1338	157_3	2.1	1	0
1339	157_4	1.95	1	1
1340	157_5	1.85	1	0
1341	158_1	3.1	1	0
1342	158_2	3.2	1	0
1343	158_3	2.6	1	0
1344	158_4	2.1	1	0
1345	158_5	2.5	1	0
1346	158_6	-0.95	0	0
1347	158_7	-0.95	0	0
1348	158_8	2.65	1	0
1349	158_9	0.3	1	0
1350	158_10	1.35	1	0
1351	158_11	0.65	1	0
1352	158_12	1.15	1	0
1353	158_13	2.1	1	0
1354	158_14	2.1	1	0
1355	158_15	0.4	1	0
1356	159_1	2.8	1	0
1357	160_1	2.5	1	0
1358	160_2	2.35	1	0
1359	160_3	1.85	1	0
1360	160_4	1.95	1	0
1361	160_5	2.65	1	0
1362	160_6	-1.55	0	0
1363	160_7	-1.1	0	0
1364	160_8	0.65	1	0
1365	161_1	2.0	1	1
1366	161_2	0.15	1	0
1367	161_3	1.9	1	0
1368	161_4	3.05	1	1
1369	161_5	0.5	1	0
1370	162_1	2.4	1	0
1371	162_2	2.2	1	0
1372	162_3	-0.9	0	0
1373	162_4	0.65	1	0
1374	162_5	-1.45	0	0
1375	162_6	-0.55	0	0
1376	162_7	-0.35	0	0
1377	162_8	-0.9	0	0
1378	162_9	0.2	1	1
1379	162_10	-0.15	0	0
1380	162_11	-0.85	0	1
1381	162_12	-1.1	0	0
1382	162_13	-0.1	0	0
1383	162_14	1.05	1	0
1384	162_15	0.6	1	0
1385	162_16	2.7	1	0
1386	162_17	1.95	1	1
1387	162_18	2.6	1	1
1388	162_19	1.75	1	1
1389	163_1	2.7	1	0
1390	163_2	2.7	1	1
1391	163_3	2.6	1	0
1392	163_4	3.25	1	0
1393	164_1	2.8	1	1
1394	164_2	0.05	1	0
1395	164_3	2.2	1	1
1396	164_4	1.5	1	0
1397	164_5	2.0	1	1
1398	164_6	0.15	1	0
1399	164_7	1.75	1	0
1400	164_8	0.8	1	0
1401	164_9	0.75	1	1
1402	164_10	-1.15	0	0
1403	164_11	-0.2	0	0
1404	164_12	0.0	0	0
1405	164_13	2.3	1	1
1406	165_1	2.9	1	0
1407	165_2	2.7	1	1
1408	165_3	2.95	1	0
1409	166_1	2.65	1	1
1410	166_2	0.05	1	0
1411	166_3	2.8	1	0
1412	166_4	1.9	1	0
1413	166_5	0.45	1	0
1414	166_6	1.75	1	1
1415	166_7	-0.55	0	0
1416	166_8	0.0	0	0
1417	166_9	-0.65	0	0
1418	166_10	0.4	1	0
1419	166_11	0.0	0	0
1420	166_12	-0.15	0	0
1421	166_13	-0.05	0	0
1422	166_14	-1.0	0	0
1423	166_15	1.5	1	0
1424	166_16	2.9	1	0
1425	166_17	2.85	1	0
1426	166_18	0.4	1	0
1427	166_19	0.05	1	0
1428	166_20	0.3	1	0
1429	166_21	0.0	0	0
1430	166_22	1.1	1	1
1431	166_23	0.05	1	0
1432	166_24	1.3	1	1
1433	166_25	-1.5	0	0
1434	167_1	2.9	1	1
1435	167_2	2.55	1	0
1436	167_3	2.2	1	1
1437	167_4	1.45	1	0
1438	167_5	1.3	1	1
1439	167_6	-0.6	0	0
1440	167_7	-0.25	0	0
1441	168_1	3.15	1	0
1442	168_2	2.3	1	0
1443	168_3	2.75	1	0
1444	168_4	2.9	1	0
1445	168_5	2.5	1	0
1446	168_6	1.65	1	0
1447	168_7	-0.2	0	0
1448	168_8	2.45	1	1
1449	169_1	2.3	1	0
1450	169_2	1.75	1	0
1451	169_3	1.8	1	0
1452	169_4	1.1	1	1
1453	169_5	-1.1	0	0
1454	169_6	1.0	1	0
1455	169_7	3.15	1	0
1456	169_8	-0.2	0	0
1457	169_9	-0.05	0	1
1458	169_10	-1.15	0	0
1459	169_11	0.1	1	0
1460	169_12	0.45	1	0
1461	169_13	1.0	1	0
1462	169_14	1.45	1	0
1463	169_15	-0.95	0	0
1464	169_16	1.05	1	0
1465	169_17	3.1	1	0
1466	170_1	2.75	1	1
1467	170_2	2.5	1	1
1468	170_3	2.9	1	1
1469	170_4	1.85	1	1
1470	170_5	2.8	1	1
1471	170_6	3.0	1	1
1472	170_7	0.1	1	0
1473	170_8	2.35	1	1
1474	171_1	2.9	1	0
1475	171_2	2.35	1	1
1476	172_1	2.5	1	0
1477	172_2	3.25	1	0
1478	172_3	1.95	1	0
1479	172_4	1.4	1	0
1480	172_5	2.75	1	1
1481	172_6	2.35	1	1
1482	172_7	-1.0	0	0
1483	172_8	0.2	1	0
1484	172_9	1.55	1	1
1485	172_10	1.2	1	0
1486	172_11	2.1	1	1
1487	172_12	2.2	1	0
1488	173_1	2.9	1	0
1489	173_2	2.8	1	1
1490	173_3	2.6	1	1
1491	173_4	2.55	1	1
1492	173_5	3.05	1	0
1493	173_6	-0.9	0	0
1494	173_7	-2.25	0	0
1495	173_8	-0.2	0	1
1496	173_9	-0.75	0	1
1497	174_1	3.1	1	0
1498	174_2	2.4	1	0
1499	174_3	1.75	1	1
1500	174_4	2.05	1	1
1501	174_5	0.95	1	1
1502	174_6	2.45	1	0
1503	174_7	1.65	1	0
1504	174_8	2.75	1	0
1505	174_9	2.8	1	0
1506	174_10	1.75	1	0
1507	174_11	2.45	1	0
1508	174_12	-1.1	0	0
1509	174_13	0.2	1	1
1510	174_14	-1.25	0	1
1511	174_15	0.35	1	0
1512	174_16	0.05	1	0
1513	174_17	0.9	1	0
1514	174_18	-0.8	0	0
1515	174_19	-0.7	0	1
1516	174_20	-0.25	0	0
1517	174_21	-0.6	0	1
1518	175_1	0.1	1	0
1519	175_2	2.85	1	1
1520	175_3	1.7	1	0
1521	175_4	1.85	1	1
1522	175_5	2.25	1	1
1523	176_1	3.0	1	1
1524	176_2	0.0	0	0
1525	176_3	2.4	1	0
1526	176_4	0.0	0	0
1527	176_5	-0.55	0	1
1528	176_6	2.15	1	0
1529	176_7	1.4	1	0
1530	176_8	2.35	1	0
1531	176_9	2.15	1	0
1532	176_10	2.35	1	0
1533	176_11	2.85	1	1
1534	177_1	0.65	1	1
1535	177_2	-0.9	0	0
1536	177_3	0.25	1	0
1537	177_4	0.75	1	0
1538	177_5	1.2	1	0
1539	177_6	1.75	1	0
1540	177_7	0.35	1	1
1541	177_8	-1.1	0	0
1542	177_9	-1.25	0	0
1543	177_10	-2.25	0	0
1544	177_11	-0.05	0	0
1545	177_12	-1.25	0	1
1546	177_13	1.2	1	0
1547	177_14	-1.95	0	0
1548	177_15	-0.3	0	0
1549	177_16	-1.4	0	0
1550	177_17	-0.75	0	0
1551	177_18	0.0	0	1
1552	177_19	-1.35	0	1
1553	177_20	-2.1	0	0
1554	177_21	2.2	1	1
1555	177_22	-0.55	0	0
1556	177_23	1.05	1	0
1557	177_24	-2.5	0	0
1558	177_25	0.0	0	0
1559	177_26	-0.25	0	1
1560	177_27	0.05	1	0
1561	177_28	-2.55	0	1
1562	177_29	-2.25	0	0
1563	177_30	-1.0	0	0
1564	177_31	0.0	0	0
1565	177_32	-0.9	0	0
1566	177_33	-1.5	0	0
1567	177_34	-1.65	0	0
1568	177_35	1.6	1	0
1569	177_36	-1.3	0	0
1570	177_37	-0.85	0	0
1571	177_38	-0.65	0	0
1572	177_39	-0.25	0	0
1573	177_40	-1.85	0	1
1574	177_41	-1.6	0	0
1575	177_42	1.35	1	0
1576	177_43	-2.6	0	0
1577	177_44	-0.45	0	0
1578	177_45	-0.55	0	0
1579	177_46	1.25	1	1
1580	177_47	2.25	1	1
1581	177_48	-1.65	0	0
1582	177_49	-1.2	0	0
1583	177_50	-1.25	0	0
1584	178_1	1.2	1	0
1585	178_2	0.3	1	1
1586	178_3	-0.45	0	0
1587	178_4	-0.95	0	0
1588	178_5	1.4	1	0
1589	178_6	2.05	1	0
1590	178_7	2.5	1	0
1591	179_1	2.5	1	0
1592	179_2	0.0	0	0
1593	179_3	2.3	1	1
1594	179_4	1.7	1	1
1595	179_5	2.15	1	0
1596	179_6	1.75	1	0
1597	179_7	0.25	1	0
1598	180_1	2.0	1	1
1599	180_2	0.05	1	0
1600	180_3	1.4	1	1
1601	180_4	0.8	1	0
1602	180_5	0.7	1	0
1603	180_6	-0.55	0	1
1604	180_7	-1.65	0	1
1605	180_8	-0.55	0	0
1606	180_9	0.25	1	0
1607	180_10	-1.5	0	0
1608	180_11	-0.8	0	1
1609	180_12	-1.1	0	0
1610	180_13	-1.1	0	1
1611	180_14	-0.65	0	0
1612	180_15	-0.25	0	0
1613	180_16	-0.05	0	0
1614	180_17	0.25	1	0
1615	180_18	2.55	1	0
1616	180_19	1.5	1	1
1617	180_20	-0.2	0	0
1618	180_21	-1.15	0	0
1619	181_1	1.3	1	1
1620	181_2	1.6	1	1
1621	181_3	-0.05	0	1
1622	181_4	0.8	1	0
1623	181_5	-1.55	0	0
1624	181_6	1.55	1	0
1625	181_7	0.1	1	1
1626	181_8	-0.7	0	0
1627	181_9	-1.05	0	0
1628	181_10	-1.1	0	0
1629	181_11	-2.85	0	1
1630	182_1	1.0	1	0
1631	182_2	0.65	1	0
1632	182_3	-1.0	0	1
1633	182_4	-2.3	0	0
1634	182_5	-0.35	0	0
1635	183_1	-0.55	0	1
1636	183_2	-1.5	0	0
1637	183_3	0.15	1	0
1638	183_4	-1.45	0	0
1639	183_5	-2.0	0	0
1640	183_6	-1.95	0	0
1641	183_7	-1.9	0	0
1642	183_8	-2.0	0	0
1643	183_9	2.1	1	0
1644	183_10	-2.6	0	0
1645	183_11	-1.6	0	0
1646	183_12	-0.6	0	0
1647	184_1	3.0	1	1
1648	184_2	2.5	1	1
1649	184_3	2.55	1	0
1650	185_1	3.1	1	1
1651	185_2	3.35	1	0
1652	185_3	2.65	1	1
1653	185_4	1.9	1	0
1654	185_5	2.65	1	1
1655	185_6	1.3	1	0
1656	185_7	2.35	1	0
1657	185_8	1.95	1	1
1658	185_9	-0.85	0	0
1659	185_10	0.8	1	0
1660	185_11	1.15	1	1
1661	185_12	1.7	1	0
1662	185_13	2.25	1	0
1663	185_14	-0.75	0	0
1664	185_15	2.3	1	0
1665	185_16	1.2	1	0
1666	185_17	1.85	1	0
1667	185_18	1.55	1	1
1668	185_19	0.8	1	1
1669	185_20	1.75	1	0
1670	185_21	1.0	1	0
1671	185_22	0.5	1	0
1672	185_23	2.1	1	0
1673	185_24	1.9	1	0
1674	185_25	2.6	1	0
1675	185_26	1.4	1	0
1676	185_27	2.1	1	0
1677	185_28	2.25	1	0
1678	185_29	1.25	1	0
1679	185_30	-0.3	0	0
1680	185_31	3.1	1	0
1681	185_32	2.95	1	1
1682	186_1	2.6	1	0
1683	186_2	1.45	1	0
1684	186_3	2.25	1	1
1685	186_4	2.15	1	0
1686	186_5	1.0	1	0
1687	186_6	-1.2	0	0
1688	186_7	-0.85	0	0
1689	186_8	-1.7	0	0
1690	187_1	2.7	1	0
1691	187_2	0.8	1	0
1692	188_1	1.4	1	1
1693	188_2	0.3	1	0
1694	188_3	-1.8	0	1
1695	188_4	1.25	1	0
1696	188_5	1.95	1	1
1697	188_6	2.55	1	0
1698	188_7	1.8	1	0
1699	188_8	2.0	1	0
1700	188_9	1.2	1	0
1701	188_10	-0.55	0	0
1702	188_11	-1.05	0	0
1703	188_12	0.25	1	1
1704	188_13	2.0	1	1
1705	188_14	1.9	1	1
1706	188_15	-1.1	0	0
1707	188_16	-1.3	0	0
1708	188_17	-2.05	0	0
1709	188_18	-0.7	0	0
1710	188_19	-1.3	0	0
1711	188_20	-0.15	0	0
1712	188_21	1.3	1	0
1713	188_22	-0.65	0	0
1714	189_1	2.0	1	1
1715	189_2	2.0	1	0
1716	189_3	2.05	1	1
1717	189_4	2.35	1	0
1718	189_5	1.8	1	0
1719	189_6	-0.05	0	0
1720	189_7	0.35	1	1
1721	190_1	2.9	1	0
1722	190_2	2.8	1	0
1723	190_3	2.1	1	0
1724	190_4	1.3	1	0
1725	190_5	2.35	1	1
1726	190_6	1.4	1	0
1727	190_7	1.25	1	0
1728	190_8	2.0	1	1
1729	190_9	1.7	1	1
1730	190_10	0.85	1	1
1731	190_11	0.35	1	1
1732	191_1	3.6	1	1
1733	191_2	2.1	1	0
1734	191_3	3.0	1	0
1735	191_4	1.7	1	0
1736	191_5	2.0	1	0
1737	191_6	2.4	1	0
1738	191_7	1.35	1	0
1739	191_8	1.4	1	1
1740	191_9	1.75	1	0
1741	191_10	1.5	1	1
1742	191_11	1.6	1	0
1743	192_1	2.35	1	0
1744	192_2	0.0	0	0
1745	192_3	2.6	1	0
1746	192_4	1.4	1	1
1747	192_5	2.15	1	0
1748	192_6	-0.1	0	1
1749	192_7	1.45	1	1
1750	192_8	1.4	1	0
1751	192_9	1.15	1	1
1752	192_10	2.1	1	1
1753	192_11	2.2	1	0
1754	192_12	0.7	1	0
1755	192_13	-0.6	0	0
1756	192_14	-1.7	0	0
1757	192_15	-0.05	0	0
1758	192_16	-0.5	0	0
1759	193_1	1.1	1	1
1760	193_2	1.3	1	0
1761	193_3	-0.9	0	0
1762	193_4	0.35	1	0
1763	193_5	2.1	1	0
1764	193_6	1.25	1	0
1765	193_7	2.0	1	0
1766	193_8	0.7	1	0
1767	193_9	0.3	1	0
1768	193_10	0.55	1	0
1769	193_11	0.35	1	0
1770	193_12	0.2	1	1
1771	193_14	1.9	1	1
1772	193_15	1.5	1	0
1773	193_16	-0.1	0	1
1774	193_17	0.8	1	0
1775	193_18	-2.05	0	0
1776	193_19	2.2	1	0
1777	193_20	2.1	1	0
1778	193_22	0.7	1	1
1779	193_23	-2.2	0	0
1780	193_24	0.4	1	0
1781	193_25	1.3	1	0
1782	193_26	1.45	1	1
1783	193_27	1.45	1	0
1784	193_28	-1.4	0	0
1785	193_29	-1.2	0	0
1786	193_30	1.0	1	0
1787	193_31	0.1	1	0
1788	193_32	0.45	1	0
1789	193_33	0.15	1	0
1790	193_34	1.05	1	0
1791	194_1	3.35	1	1
1792	194_2	3.05	1	0
1793	195_1	0.9	1	0
1794	195_2	1.8	1	1
1795	195_3	2.8	1	1
1796	195_4	2.8	1	1
1797	195_5	0.1	1	0
1798	195_6	0.55	1	0
1799	195_7	1.7	1	0
1800	195_8	1.65	1	0
1801	196_1	2.2	1	1
1802	196_2	2.75	1	0
1803	196_3	2.1	1	1
1804	197_1	2.95	1	0
1805	197_2	1.85	1	0
1806	197_3	1.8	1	0
1807	197_4	3.35	1	1
1808	197_5	3.55	1	0
1809	197_6	-0.55	0	0
1810	197_7	0.15	1	0
1811	197_8	-0.05	0	0
1812	197_9	1.05	1	0
1813	197_10	1.4	1	1
1814	198_1	1.1	1	0
1815	198_2	-0.9	0	0
1816	198_3	0.2	1	0
1817	198_4	1.9	1	0
1818	199_1	0.0	0	0
1819	199_2	1.4	1	0
1820	200_1	1.55	1	0
1821	200_2	2.95	1	1
1822	200_3	0.05	1	0
1823	200_4	2.35	1	0
1824	200_5	-1.35	0	0
1825	200_6	0.9	1	1
1826	200_7	0.25	1	1
1827	200_8	0.5	1	1
1828	200_9	-0.75	0	1
1829	200_10	0.3	1	0
1830	201_1	3.1	1	1
1831	201_2	0.3	1	0
1832	201_3	0.0	0	0
1833	201_4	0.8	1	0
1834	201_5	-0.55	0	0
1835	201_6	2.05	1	0
1836	201_7	1.55	1	1
1837	201_8	1.65	1	0
1838	201_9	2.45	1	1
1839	201_10	3.05	1	1
1840	201_11	2.0	1	1
1841	201_12	2.2	1	0
1842	201_13	2.9	1	0
1843	201_14	1.65	1	1
1844	202_1	0.05	1	0
1845	202_2	-1.7	0	0
1846	202_3	-1.65	0	0
1847	202_4	-1.15	0	0
1848	203_1	2.75	1	0
1849	203_2	1.0	1	0
1850	203_3	2.75	1	1
1851	203_4	2.8	1	0
1852	203_5	1.45	1	0
1853	203_6	0.6	1	0
1854	203_7	1.85	1	0
1855	203_8	2.75	1	0
1856	203_9	1.65	1	1
1857	203_10	1.8	1	0
1858	203_11	1.05	1	0
1859	203_12	2.75	1	0
1860	203_13	1.05	1	0
1861	203_14	0.25	1	0
1862	203_15	1.7	1	1
1863	203_16	0.1	1	0
1864	203_17	1.05	1	0
1865	203_18	2.05	1	1
1866	203_19	-1.05	0	1
1867	203_20	0.05	1	0
1868	203_21	0.4	1	1
1869	203_22	0.1	1	0
1870	203_23	2.15	1	0
1871	203_24	2.9	1	0
1872	204_1	2.95	1	0
1873	204_2	-0.95	0	0
1874	204_3	1.45	1	0
1875	204_4	2.8	1	0
1876	204_5	0.95	1	1
1877	204_7	2.7	1	1
1878	204_8	1.7	1	1
1879	204_9	-1.0	0	0
1880	204_10	-0.7	0	0
1881	204_11	-0.75	0	1
1882	204_12	1.4	1	0
1883	204_13	-1.45	0	0
1884	204_14	-1.5	0	0
1885	204_15	-1.4	0	1
1886	204_16	3.5	1	0
1887	204_17	1.4	1	1
1888	204_18	2.05	1	1
1889	204_19	1.95	1	0
1890	205_1	3.1	1	1
1891	205_2	2.35	1	0
1892	205_3	-1.4	0	0
1893	205_4	-0.35	0	0
1894	205_5	1.1	1	0
1895	205_6	-0.2	0	0
1896	205_7	0.85	1	0
1897	205_8	2.45	1	0
1898	205_9	2.8	1	0
1899	205_10	-1.1	0	1
1900	205_11	0.1	1	0
1901	205_12	0.5	1	0
1902	205_13	-0.35	0	0
1903	205_14	2.65	1	1
1904	206_1	1.8	1	1
1905	206_2	0.3	1	0
1906	206_3	2.25	1	1
1907	206_4	-1.35	0	0
1908	206_5	-0.4	0	0
1909	206_6	1.65	1	0
1910	206_7	1.25	1	0
1911	206_8	1.9	1	1
1912	206_9	2.0	1	0
1913	206_10	2.8	1	0
1914	207_1	3.0	1	1
1915	207_2	2.7	1	0
1916	207_3	-0.55	0	0
1917	207_4	-2.35	0	0
1918	207_5	2.95	1	1
1919	207_6	2.3	1	0
1920	207_7	2.4	1	1
1921	207_8	3.1	1	1
1922	207_9	3.25	1	0
1923	208_1	2.05	1	1
1924	208_2	2.6	1	0
1925	208_3	2.2	1	1
1926	208_4	0.1	1	0
1927	208_5	2.5	1	1
1928	208_6	2.75	1	0
1929	208_7	2.55	1	1
1930	208_8	1.15	1	0
1931	208_9	1.3	1	0
1932	208_10	2.6	1	1
1933	208_11	3.05	1	0
1934	208_12	2.45	1	0
1935	208_13	1.3	1	1
1936	208_14	2.8	1	0
1937	208_15	1.8	1	0
1938	208_16	1.45	1	0
1939	208_17	2.25	1	1
1940	208_18	2.25	1	0
1941	208_19	2.35	1	1
1942	209_1	3.55	1	0
1943	209_2	2.05	1	0
1944	209_3	2.85	1	1
1945	209_4	0.05	1	0
1946	209_5	-1.45	0	0
1947	209_6	1.75	1	0
1948	209_7	1.7	1	0
1949	209_8	1.65	1	1
1950	209_9	1.0	1	0
1951	209_10	1.85	1	0
1952	209_11	0.3	1	0
1953	209_12	-0.15	0	0
1954	209_13	0.2	1	0
1955	209_14	1.7	1	1
1956	209_15	2.45	1	0
1957	209_16	2.1	1	0
1958	210_1	2.45	1	0
1959	210_2	0.05	1	1
1960	210_3	1.7	1	0
1961	210_4	-0.05	0	1
1962	210_5	1.55	1	0
1963	210_6	0.45	1	0
1964	210_7	0.85	1	1
1965	210_8	1.95	1	0
1966	210_9	2.05	1	0
1967	210_10	-0.9	0	0
1968	210_11	1.95	1	0
1969	210_12	1.4	1	1
1970	210_13	0.5	1	0
1971	211_1	-0.15	0	1
1972	211_2	-0.3	0	0
1973	211_3	-0.1	0	0
1974	211_4	-0.1	0	0
1975	211_5	-0.05	0	0
1976	212_1	0.0	0	0
1977	212_2	-0.45	0	0
1978	212_3	0.65	1	0
1979	212_4	0.05	1	0
1980	212_5	2.55	1	1
1981	212_6	-2.25	0	0
1982	212_7	-1.35	0	0
1983	212_8	1.55	1	1
1984	212_9	1.65	1	1
1985	212_10	0.9	1	0
1986	212_11	2.6	1	1
1987	212_12	0.0	0	0
1988	212_13	1.9	1	0
1989	212_14	1.8	1	1
1990	212_15	2.25	1	1
1991	212_16	-1.0	0	1
1992	212_17	-1.15	0	0
1993	212_18	-0.95	0	0
1994	212_19	1.25	1	1
1995	212_20	2.3	1	1
1996	212_21	-2.3	0	0
1997	212_22	-2.05	0	0
1998	212_23	-0.15	0	0
1999	213_1	1.8	1	0
2000	213_2	2.7	1	0
2001	213_3	-0.95	0	0
2002	213_4	2.1	1	0
2003	213_5	0.75	1	0
2004	213_6	1.15	1	0
2005	213_7	0.75	1	0
2006	213_8	2.1	1	0
2007	213_9	2.3	1	1
2008	213_10	0.6	1	1
2009	213_11	1.3	1	0
2010	213_12	0.7	1	1
2011	213_13	2.55	1	0
2012	213_14	0.5	1	0
2013	213_15	1.4	1	0
2014	213_16	0.95	1	0
2015	213_17	1.65	1	0
2016	213_18	1.6	1	1
2017	213_19	-0.95	0	0
2018	213_20	1.35	1	0
2019	213_21	0.2	1	1
2020	213_22	-1.35	0	0
2021	213_23	0.65	1	0
2022	213_24	2.25	1	0
2023	213_25	1.05	1	0
2024	213_26	0.5	1	0
2025	213_27	1.2	1	0
2026	213_28	1.85	1	0
2027	213_29	1.35	1	0
2028	213_30	2.0	1	1
2029	213_31	1.85	1	1
2030	213_32	0.1	1	0
2031	213_33	2.3	1	0
2032	214_1	-1.55	0	0
2033	214_2	2.5	1	1
2034	214_3	2.25	1	1
2035	214_4	-2.4	0	0
2036	214_5	0.55	1	0
2037	214_6	-1.0	0	0
2038	214_7	-1.0	0	0
2039	214_8	-1.0	0	0
2040	214_9	-2.65	0	0
2041	214_10	-1.4	0	0
2042	214_11	-0.65	0	0
2043	215_1	1.9	1	0
2044	215_2	2.1	1	0
2045	215_3	-0.6	0	0
2046	215_4	2.05	1	1
2047	215_5	2.05	1	1
2048	215_6	-1.5	0	0
2049	215_7	-1.4	0	0
2050	215_8	-1.6	0	0
2051	215_9	2.25	1	0
2052	215_10	1.55	1	0
2053	216_1	-0.05	0	0
2054	216_2	0.0	0	0
2055	216_3	2.0	1	1
2056	216_4	2.7	1	0
2057	216_5	2.6	1	1
2058	216_6	2.4	1	1
2059	216_7	1.05	1	0
2060	216_8	1.45	1	0
2061	216_9	-0.7	0	0
2062	216_10	-0.1	0	0
2063	216_11	-1.6	0	1
2064	216_12	-0.9	0	0
2065	217_1	2.8	1	0
2066	217_2	0.2	1	0
2067	217_3	0.1	1	0
2068	217_4	1.55	1	0
2069	217_5	1.2	1	0
2070	217_6	0.05	1	1
2071	217_7	0.6	1	0
2072	217_8	2.45	1	0
2073	217_9	0.95	1	1
2074	217_10	2.0	1	1
2075	217_11	1.6	1	0
2076	217_12	-0.9	0	0
2077	217_13	-0.9	0	0
2078	217_14	2.0	1	1
2079	217_15	2.1	1	0
2080	217_16	2.95	1	0
2081	217_17	0.6	1	1
2082	218_1	0.0	0	0
2083	218_2	2.7	1	0
2084	218_3	1.7	1	0
2085	218_4	1.8	1	0
2086	218_5	-1.4	0	0
2087	218_6	-1.5	0	0
2088	219_1	1.35	1	0
2089	219_2	0.25	1	1
2090	219_3	2.05	1	1
2091	219_4	0.7	1	1
2092	219_5	0.25	1	0
2093	219_6	2.15	1	1
2094	219_7	0.85	1	0
2095	219_8	1.45	1	0
2096	219_9	1.65	1	1
2097	220_1	2.9	1	0
2098	220_2	2.85	1	0
2099	220_3	2.05	1	1
2100	220_4	-1.5	0	0
2101	220_5	2.05	1	0
2102	220_6	2.05	1	0
2103	220_7	1.5	1	0
2104	220_8	0.3	1	0
2105	220_9	1.6	1	1
2106	220_10	0.05	1	0
2107	220_11	1.7	1	0
2108	220_12	2.05	1	0
2109	220_13	0.45	1	0
2110	220_14	1.6	1	1
2111	220_15	-0.45	0	0
2112	220_16	1.7	1	0
2113	220_17	1.85	1	0
2114	220_18	1.0	1	0
2115	220_19	0.0	0	0
2116	220_20	-0.05	0	0
2117	220_21	-0.2	0	0
2118	220_22	-0.95	0	0
2119	220_23	0.75	1	0
2120	220_24	2.65	1	0
2121	220_25	1.85	1	0
2122	221_1	2.65	1	0
2123	221_2	1.15	1	0
2124	221_3	-1.25	0	0
2125	221_4	-2.0	0	0
2126	221_5	2.35	1	0
2127	221_6	3.55	1	1
2128	221_7	1.4	1	1
2129	221_8	1.65	1	0
2130	221_9	2.8	1	0
2131	221_10	0.45	1	0
2132	222_1	2.2	1	0
2133	222_2	1.4	1	0
2134	222_3	1.7	1	0
2135	222_4	1.0	1	0
2136	222_5	2.05	1	1
2137	222_6	-1.05	0	0
2138	222_7	1.85	1	1
2139	222_8	1.4	1	1
2140	222_9	-0.95	0	0
2141	222_10	1.85	1	1
2142	222_11	-1.3	0	0
2143	222_12	1.5	1	0
2144	222_13	1.1	1	0
2145	222_14	1.5	1	1
2146	222_15	1.9	1	1
2147	223_1	-2.6	0	0
2148	223_2	0.15	1	0
2149	223_3	-1.35	0	0
2150	223_4	-1.35	0	0
2151	223_5	-0.95	0	0
2152	223_6	-1.85	0	0
2153	223_7	0.25	1	0
2154	223_8	-0.1	0	0
2155	223_9	-2.25	0	0
2156	223_10	-1.3	0	0
2157	223_11	-1.2	0	0
2158	223_12	-1.45	0	1
2159	223_13	-1.2	0	0
2160	223_14	-1.7	0	0
2161	223_15	1.5	1	0
2162	223_16	1.35	1	0
2163	223_17	-3.05	0	0
2164	223_18	-2.75	0	0
2165	223_19	-1.95	0	1
2166	223_20	-0.1	0	0
2167	224_1	2.4	1	0
2168	224_2	0.0	0	0
2169	224_3	2.05	1	0
2170	224_4	1.85	1	0
2171	224_5	1.7	1	0
2172	224_6	-1.2	0	0
2173	224_7	2.15	1	0
2174	225_1	1.9	1	0
2175	225_2	1.4	1	0
2176	225_3	-0.2	0	1
2177	225_4	-1.8	0	0
2178	225_5	0.5	1	0
2179	225_6	0.0	0	0
2180	225_7	0.25	1	0
2181	225_8	0.3	1	1
2182	225_9	1.2	1	0
2183	225_10	1.75	1	0
2184	225_11	0.25	1	0
2185	225_12	0.15	1	0
2186	225_13	0.45	1	0
2187	225_14	-1.75	0	0
2188	226_1	3.15	1	1
2189	226_2	3.05	1	1
2190	226_3	1.6	1	0
2191	226_4	-0.05	0	0
2192	226_5	1.15	1	0
2193	226_6	2.05	1	0
2194	226_7	1.9	1	0
2195	226_8	1.3	1	0
2196	226_9	0.1	1	0
2197	226_10	2.2	1	0
2198	226_11	3.4	1	1
2199	226_12	-0.05	0	0
2200	227_1	2.4	1	1
2201	227_2	-2.0	0	0
2202	227_3	0.0	0	0
2203	227_4	0.2	1	0
2204	227_5	-1.55	0	0
2205	227_6	1.8	1	1
2206	227_7	2.45	1	0
2207	227_8	0.7	1	0
2208	227_9	-1.6	0	0
2209	227_10	1.35	1	0
2210	227_11	2.4	1	1
2211	227_12	2.1	1	1
2212	227_13	2.25	1	1
2213	227_14	1.55	1	1
2214	227_15	1.15	1	0
2215	227_16	1.55	1	1
2216	227_17	2.2	1	1
2217	227_18	1.5	1	1
2218	227_19	-0.7	0	0
2219	227_20	2.15	1	1
2220	227_21	1.65	1	0
2221	227_22	1.8	1	0
2222	227_23	2.35	1	1
2223	227_24	1.65	1	0
2224	227_25	1.3	1	0
2225	227_26	2.3	1	0
2226	227_27	1.65	1	0
2227	227_28	2.65	1	0
2228	227_29	2.15	1	0
2229	228_1	-1.5	0	1
2230	228_2	-2.75	0	0
2231	228_3	-2.0	0	0
2232	228_4	-0.25	0	0
2233	228_5	-2.35	0	0
2234	229_1	3.05	1	1
2235	229_2	1.35	1	0
2236	229_3	1.8	1	0
2237	229_4	2.0	1	0
2238	229_5	2.25	1	1
2239	229_6	1.95	1	1
2240	229_7	1.1	1	1
2241	229_8	-1.7	0	0
2242	229_9	-0.75	0	1
2243	229_10	1.45	1	1
2244	229_11	1.7	1	0
2245	229_12	2.0	1	1
2246	229_13	1.6	1	1
2247	229_14	-1.65	0	0
2248	229_15	2.35	1	0
2249	229_16	2.9	1	0
2250	230_1	-1.3	0	1
2251	230_2	0.7	1	0
2252	230_3	-0.1	0	1
2253	230_4	0.2	1	1
2254	230_5	0.75	1	0
2255	230_6	-0.4	0	0
2256	230_7	0.0	0	1
2257	230_8	1.55	1	0
2258	230_9	0.05	1	0
2259	230_10	-1.35	0	0
2260	230_11	0.0	0	0
2261	230_12	2.65	1	0
2262	230_13	1.6	1	1
2263	230_14	-1.2	0	0
2264	231_1	0.05	1	0
2265	231_2	-1.8	0	0
2266	231_3	-1.05	0	0
2267	231_4	-0.65	0	0
2268	231_5	-1.4	0	1
2269	231_6	-1.7	0	0
2270	231_7	1.15	1	0
2271	231_8	1.75	1	0
2272	231_9	0.8	1	1
2273	231_10	1.7	1	1
2274	231_11	0.55	1	1
2275	231_12	1.35	1	0
2276	231_13	2.45	1	1
2277	231_14	1.8	1	0
2278	231_15	1.45	1	0
2279	232_1	2.9	1	1
2280	232_2	3.2	1	0
2281	232_3	2.6	1	1
2282	232_4	-0.35	0	0
2283	232_5	2.65	1	0
2284	232_6	1.8	1	0
2285	232_7	1.1	1	0
2286	232_8	1.35	1	0
2287	232_9	2.95	1	0
2288	233_1	1.6	1	0
2289	233_2	-1.75	0	0
2290	233_3	1.75	1	0
2291	233_4	1.6	1	0
2292	233_5	0.35	1	0
2293	233_6	-1.1	0	0
2294	233_7	-1.2	0	0
2295	233_8	-0.2	0	0
2296	233_9	-0.15	0	0
2297	233_10	-2.6	0	0
2298	233_11	0.05	1	0
2299	233_12	0.9	1	0
2300	233_13	1.25	1	0
2301	233_14	0.65	1	0
2302	233_15	0.5	1	0
2303	233_16	0.9	1	0
2304	233_17	0.15	1	0
2305	233_18	0.05	1	0
2306	233_19	0.7	1	0
2307	233_20	0.25	1	0
2308	233_21	-1.0	0	0
2309	233_22	0.0	0	0
2310	233_23	-1.5	0	0
2311	233_24	-0.9	0	0
2312	233_25	0.0	0	0
2313	233_26	0.0	0	0
2314	234_1	2.15	1	1
2315	234_2	2.8	1	1
2316	234_3	1.35	1	0
2317	234_4	1.3	1	0
2318	234_5	0.2	1	0
2319	234_6	2.0	1	1
2320	234_7	0.95	1	0
2321	234_8	1.4	1	1
2322	234_9	1.4	1	0
2323	234_10	1.3	1	1
2324	234_11	2.85	1	1
2325	234_12	1.8	1	1
2326	234_13	2.0	1	0
2327	234_14	-0.8	0	0
2328	234_15	-1.0	0	0
2329	234_16	0.25	1	1
2330	234_17	-0.9	0	0
2331	234_18	0.65	1	0
2332	234_19	-0.25	0	0
2333	234_20	-0.9	0	1
2334	234_21	1.45	1	0
2335	234_22	1.25	1	0
2336	234_23	0.45	1	1
2337	234_24	-0.75	0	0
2338	234_25	0.85	1	0
2339	234_26	3.0	1	0
2340	234_27	1.9	1	0
2341	234_28	-0.4	0	0
2342	234_29	2.15	1	0
2343	235_1	-3.4	0	0
2344	235_2	-3.6	0	0
2345	235_3	-1.2	0	0
2346	235_4	-1.05	0	0
2347	235_5	-1.5	0	0
2348	235_6	0.15	1	0
2349	236_1	2.8	1	0
2350	236_2	3.0	1	0
2351	236_3	-0.05	0	1
2352	236_4	1.3	1	0
2353	236_5	0.35	1	0
2354	236_6	2.0	1	0
2355	236_7	0.4	1	0
2356	236_8	0.1	1	0
2357	236_9	-0.65	0	0
2358	236_10	-0.5	0	0
2359	236_11	-1.25	0	0
2360	236_12	-0.35	0	0
2361	236_13	0.4	1	0
2362	236_14	1.15	1	0
2363	236_15	1.9	1	0
2364	236_16	0.05	1	0
2365	236_17	1.35	1	0
2366	236_18	-1.25	0	0
2367	236_19	-0.45	0	0
2368	236_20	2.15	1	0
2369	236_21	1.65	1	0
2370	236_22	3.0	1	1
2371	237_1	3.0	1	0
2372	237_2	3.15	1	0
2373	237_3	-1.3	0	0
2374	237_4	0.95	1	1
2375	237_5	1.9	1	0
2376	237_6	1.3	1	0
2377	237_7	2.45	1	0
2378	237_8	1.1	1	0
2379	237_9	1.45	1	0
2380	237_10	2.5	1	0
2381	237_11	-0.25	0	0
2382	237_12	3.1	1	0
2383	237_13	2.3	1	1
2384	237_14	2.0	1	1
2385	237_15	2.0	1	1
2386	237_16	0.85	1	0
2387	237_17	1.95	1	1
2388	237_18	2.45	1	0
2389	238_1	1.8	1	0
2390	238_2	1.8	1	1
2391	238_3	1.2	1	0
2392	238_4	1.9	1	1
2393	238_5	-0.05	0	1
2394	238_6	-1.45	0	0
2395	238_7	-1.5	0	1
2396	238_8	-1.9	0	0
2397	238_9	-1.9	0	0
2398	238_10	2.5	1	0
2399	238_11	2.05	1	0
2400	239_1	-3.2	0	0
2401	239_2	-1.65	0	0
2402	239_3	-1.45	0	0
2403	239_4	1.7	1	0
2404	239_5	-1.75	0	0
2405	239_6	-2.0	0	0
2406	239_7	-2.0	0	0
2407	239_8	-2.2	0	0
2408	239_9	-3.05	0	0
2409	239_10	-2.4	0	0
2410	240_1	2.95	1	1
2411	240_2	0.2	1	0
2412	240_3	0.05	1	0
2413	240_4	0.05	1	0
2414	240_5	0.3	1	1
2415	240_6	0.05	1	0
2416	240_7	0.65	1	0
2417	240_8	2.55	1	0
2418	240_9	3.05	1	0
2419	240_10	0.1	1	1
2420	241_1	-2.0	0	0
2421	241_2	-2.35	0	0
2422	241_3	-1.75	0	0
2423	242_1	0.1	1	0
2424	242_2	0.15	1	0
2425	242_3	1.6	1	0
2426	242_4	-1.25	0	0
2427	242_5	-0.25	0	1
2428	242_6	-1.8	0	0
2429	242_7	-0.65	0	0
2430	242_8	2.15	1	1
2431	242_9	1.2	1	0
2432	242_10	2.6	1	0
2433	242_11	1.4	1	0
2434	242_12	0.45	1	0
2435	242_13	0.95	1	0
2436	242_14	-1.3	0	0
2437	242_15	-0.8	0	0
2438	242_16	-0.05	0	0
2439	242_17	-2.2	0	0
2440	242_18	-0.1	0	0
2441	242_19	-1.2	0	0
2442	242_20	-2.75	0	1
2443	242_21	-1.6	0	0
2444	242_22	-0.85	0	0
2445	242_23	-1.15	0	0
2446	242_24	-2.6	0	0
2447	242_25	-2.45	0	0
2448	242_27	-0.7	0	0
2449	242_28	-1.3	0	0
2450	242_29	-0.9	0	1
2451	242_30	-1.15	0	0
2452	242_31	-1.55	0	0
2453	242_32	-1.0	0	0
2454	242_33	-1.35	0	0
2455	242_34	-1.0	0	0
2456	242_35	-1.7	0	0
2457	242_36	-0.95	0	0
2458	242_37	-1.3	0	0
2459	242_38	-1.6	0	0
2460	242_39	-0.7	0	0
2461	242_40	-0.8	0	0
2462	242_41	-0.05	0	0
2463	242_42	-0.6	0	0
2464	242_43	-0.25	0	0
2465	242_44	-1.45	0	0
2466	242_45	-0.2	0	0
2467	242_46	-1.5	0	0
2468	243_1	2.95	1	0
2469	243_2	2.4	1	0
2470	243_3	-1.2	0	0
2471	243_4	-1.15	0	0
2472	243_5	1.6	1	0
2473	243_6	1.7	1	1
2474	243_7	2.8	1	1
2475	243_8	1.75	1	0
2476	243_9	1.95	1	0
2477	244_1	-1.3	0	1
2478	244_2	0.05	1	0
2479	244_3	-1.35	0	0
2480	244_4	2.1	1	0
2481	245_1	0.4	1	0
2482	245_2	1.7	1	0
2483	245_3	-0.65	0	0
2484	245_4	0.85	1	0
2485	245_5	-0.7	0	0
2486	245_6	0.3	1	0
2487	245_7	0.2	1	1
2488	245_8	-0.3	0	0
2489	245_9	-0.85	0	0
2490	245_10	0.2	1	0
2491	245_11	-0.35	0	0
2492	245_12	1.7	1	0
2493	245_13	-2.3	0	0
2494	245_14	-1.75	0	0
2495	245_15	-1.0	0	0
2496	245_16	0.0	0	1
2497	245_17	-0.9	0	0
2498	245_18	-0.45	0	0
2499	245_19	0.15	1	0
2500	245_20	1.65	1	0
2501	245_21	0.4	1	0
2502	245_22	2.6	1	1
2503	245_23	0.15	1	0
2504	245_24	1.2	1	0
2505	245_25	1.45	1	0
2506	245_26	0.15	1	1
2507	245_27	0.0	0	1
2508	245_28	0.4	1	1
2509	245_29	-0.25	0	0
2510	245_30	0.05	1	0
2511	245_31	-0.15	0	0
2512	245_32	2.0	1	0
2513	245_33	1.05	1	0
2514	245_34	-0.85	0	1
2515	245_35	-0.9	0	0
2516	245_36	-0.85	0	1
2517	245_37	-0.3	0	0
2518	245_38	-1.35	0	0
2519	245_39	-1.1	0	0
2520	245_40	-0.95	0	0
2521	245_41	-0.95	0	1
2522	245_42	1.25	1	0
2523	245_43	1.65	1	0
2524	245_44	0.85	1	0
2525	245_45	1.55	1	0
2526	245_46	0.6	1	0
2527	245_47	1.25	1	0
2528	245_48	1.05	1	0
2529	245_49	0.75	1	0
2530	245_50	0.8	1	1
2531	245_51	1.05	1	0
2532	245_52	0.35	1	0
2533	245_53	1.35	1	0
2534	245_54	1.95	1	1
2535	245_55	-0.5	0	0
2536	245_56	-0.2	0	0
2537	245_57	1.1	1	0
2538	245_58	-1.1	0	0
2539	245_59	0.5	1	0
2540	246_1	0.0	0	0
2541	246_2	2.45	1	1
2542	246_3	-0.1	0	0
2543	246_4	1.55	1	0
2544	246_5	-0.3	0	0
2545	246_6	0.55	1	0
2546	246_7	-0.55	0	0
2547	246_8	0.35	1	1
2548	246_9	0.3	1	1
2549	247_1	0.5	1	0
2550	247_2	-1.05	0	0
2551	247_3	0.25	1	0
2552	247_4	1.35	1	0
2553	247_5	2.15	1	0
2554	247_6	0.0	0	0
2555	247_7	0.45	1	0
2556	247_8	-0.9	0	1
2557	247_9	-0.75	0	0
2558	247_10	-0.55	0	0
2559	247_11	-1.4	0	1
2560	247_12	-0.6	0	0
2561	247_13	-1.9	0	0
2562	247_14	-1.5	0	1
2563	247_15	-1.75	0	0
2564	247_16	1.7	1	0
2565	247_17	0.35	1	0
2566	247_18	-1.15	0	0
2567	247_19	-0.65	0	0
2568	247_20	0.05	1	0
2569	247_21	-0.45	0	0
2570	248_1	-1.55	0	0
2571	248_2	2.25	1	0
2572	248_3	-2.45	0	0
2573	248_4	2.5	1	0
2574	248_5	1.15	1	0
2575	248_6	2.45	1	0
2576	249_1	2.85	1	1
2577	249_2	-0.05	0	0
2578	249_3	0.0	0	0
2579	249_4	0.1	1	0
2580	249_5	2.15	1	0
2581	249_6	-0.05	0	0
2582	249_7	-0.05	0	0
2583	249_8	2.3	1	1
2584	249_9	0.55	1	1
2585	249_10	-0.1	0	0
2586	249_11	0.0	0	0
2587	249_12	0.35	1	0
2588	249_13	-0.65	0	0
2589	250_1	0.7	1	1
2590	250_2	2.85	1	0
2591	250_3	3.65	1	1
2592	250_4	0.75	1	1
2593	250_5	1.65	1	0
2594	250_6	1.9	1	0
2595	250_7	-0.35	0	0
2596	250_8	-0.6	0	0
2597	250_9	0.15	1	0
2598	250_10	1.8	1	0
2599	251_1	0.6	1	0
2600	251_2	-3.4	0	0
2601	251_3	-0.2	0	0
2602	251_4	0.1	1	0
2603	251_5	-3.3	0	0
2604	251_6	-2.65	0	0
2605	252_1	-2.85	0	0
2606	252_2	0.25	1	1
2607	252_3	-2.4	0	0
2608	252_4	-2.3	0	0
2609	252_5	-1.95	0	0
2610	252_6	-2.8	0	0
2611	252_7	-1.85	0	0
2612	252_8	-1.2	0	0
2613	252_9	-2.6	0	0
2614	253_1	2.5	1	0
2615	253_2	2.85	1	0
2616	253_3	-1.2	0	0
2617	253_4	-1.65	0	0
2618	253_5	2.2	1	0
2619	253_6	1.5	1	1
2620	253_7	2.15	1	1
2621	253_8	3.15	1	0
2622	254_1	3.3	1	1
2623	254_2	2.85	1	0
2624	254_3	2.5	1	0
2625	254_4	2.55	1	0
2626	254_5	0.0	0	1
2627	254_6	3.05	1	1
2628	254_7	1.75	1	1
2629	254_8	1.5	1	0
2630	254_9	1.95	1	1
2631	254_10	1.9	1	0
2632	254_11	1.4	1	0
2633	254_12	2.2	1	0
2634	254_13	0.45	1	0
2635	254_14	1.8	1	1
2636	254_15	0.5	1	0
2637	254_16	1.7	1	1
2638	254_17	2.3	1	1
2639	254_18	1.85	1	1
2640	254_19	1.9	1	0
2641	254_20	-1.1	0	0
2642	254_21	1.55	1	0
2643	254_22	0.35	1	0
2644	254_23	-0.05	0	1
2645	254_24	-0.8	0	0
2646	254_25	2.7	1	0
2647	254_26	2.6	1	1
2648	254_27	2.35	1	0
2649	255_1	1.4	1	1
2650	255_2	0.25	1	0
2651	255_3	2.1	1	0
2652	255_4	-1.65	0	0
2653	255_5	-2.6	0	0
2654	255_6	-1.9	0	0
2655	255_7	2.45	1	0
2656	255_8	-0.25	0	0
2657	255_9	1.0	1	0
2658	256_1	2.85	1	1
2659	256_2	2.75	1	0
2660	256_3	-0.05	0	1
2661	256_4	0.6	1	0
2662	256_5	0.95	1	0
2663	256_6	1.6	1	1
2664	256_7	0.75	1	1
2665	256_8	2.95	1	0
2666	256_9	1.15	1	1
2667	256_10	-1.95	0	0
2668	256_11	1.2	1	0
2669	256_12	1.35	1	0
2670	256_13	1.15	1	0
2671	256_14	1.15	1	1
2672	256_15	0.35	1	0
2673	256_16	2.85	1	0
2674	256_17	-1.1	0	0
2675	256_18	1.5	1	1
2676	257_1	1.5	1	0
2677	257_2	-0.3	0	0
2678	257_3	0.8	1	0
2679	257_4	-0.45	0	0
2680	257_5	1.0	1	0
2681	257_6	1.25	1	0
2682	257_7	1.2	1	0
2683	257_8	-0.4	0	0
2684	257_9	2.0	1	0
2685	257_10	1.6	1	1
2686	257_11	2.0	1	0
2687	257_12	1.1	1	0
2688	257_13	2.25	1	0
2689	257_14	0.05	1	0
2690	257_15	1.75	1	0
2691	257_16	1.8	1	1
2692	257_17	0.05	1	0
2693	257_18	0.35	1	0
2694	257_19	0.7	1	0
2695	258_1	2.15	1	0
2696	258_2	1.5	1	1
2697	258_3	2.5	1	1
2698	258_4	2.15	1	1
2699	258_5	0.75	1	0
2700	258_6	0.5	1	0
2701	258_7	-0.95	0	0
2702	258_8	-0.45	0	0
2703	258_9	-0.15	0	0
2704	258_10	1.4	1	0
2705	258_11	1.4	1	0
2706	258_12	1.8	1	1
2707	258_13	1.6	1	0
2708	258_14	2.4	1	0
2709	258_15	1.1	1	0
2710	258_16	1.7	1	1
2711	258_17	1.1	1	0
2712	258_18	0.85	1	0
2713	258_19	-1.25	0	1
2714	258_20	0.35	1	0
2715	258_21	-0.9	0	0
2716	258_22	-1.25	0	0
2717	258_23	0.15	1	0
2718	258_24	-1.05	0	0
2719	258_25	-0.65	0	0
2720	258_26	0.6	1	0
2721	258_27	-1.8	0	0
2722	258_28	-0.65	0	0
2723	258_29	-1.35	0	0
2724	258_30	-1.05	0	0
2725	258_31	0.1	1	0
2726	258_32	-2.25	0	0
2727	258_33	-1.3	0	0
2728	258_34	-0.75	0	0
2729	258_35	-0.05	0	0
2730	258_36	-1.25	0	0
2731	258_37	-0.35	0	0
2732	258_38	-0.55	0	0
2733	258_39	-2.9	0	0
2734	258_40	1.6	1	1
2735	258_41	-1.8	0	0
2736	258_42	-0.15	0	0
2737	258_43	-1.55	0	0
2738	258_44	0.2	1	0
2739	258_45	-1.15	0	0
2740	258_46	0.2	1	0
2741	258_47	-1.0	0	0
2742	258_48	-0.15	0	0
2743	258_49	-1.25	0	0
2744	258_50	-0.95	0	0
2745	258_51	-1.1	0	0
2746	258_52	-1.0	0	0
2747	258_53	-1.0	0	0
2748	258_54	-1.35	0	0
2749	258_55	-2.45	0	0
2750	258_56	-1.4	0	0
2751	258_57	-1.1	0	0
2752	258_58	-1.4	0	0
2753	258_59	-1.35	0	0
2754	258_60	-1.8	0	0
2755	258_61	-1.05	0	0
2756	258_62	-0.9	0	0
2757	258_63	-1.5	0	0
2758	258_64	0.4	1	0
2759	258_65	-1.25	0	0
2760	258_66	0.3	1	0
2761	258_67	-1.4	0	0
2762	258_68	-0.25	0	1
2763	258_69	1.85	1	0
2764	258_70	0.2	1	0
2765	259_1	-1.0	0	0
2766	259_2	0.55	1	0
2767	259_3	2.15	1	1
2768	259_4	-0.75	0	0
2769	259_5	0.5	1	1
2770	259_6	2.0	1	1
2771	259_7	2.15	1	1
2772	259_8	-1.85	0	0
2773	259_9	-1.4	0	0
2774	259_10	-1.15	0	0
2775	259_11	-1.55	0	0
2776	259_12	-1.65	0	0
2777	259_13	0.0	0	0
2778	259_14	-1.25	0	0
2779	259_15	-0.35	0	0
2780	259_16	-1.6	0	0
2781	259_17	0.05	1	0
2782	260_1	1.85	1	0
2783	260_2	2.3	1	0
2784	260_3	-1.2	0	0
2785	260_4	0.2	1	0
2786	260_5	2.05	1	0
2787	260_6	0.35	1	1
2788	260_7	0.2	1	1
2789	261_1	2.75	1	0
2790	261_2	-0.05	0	0
2791	261_3	0.6	1	0
2792	261_4	0.7	1	0
2793	261_5	1.95	1	0
2794	261_6	2.15	1	0
2795	261_7	-0.7	0	1
2796	261_8	1.9	1	0
2797	261_9	1.25	1	0
2798	261_10	2.2	1	0
2799	261_11	2.55	1	0
2800	261_12	1.85	1	0
2801	261_13	1.9	1	1
2802	261_14	2.7	1	0
2803	262_1	3.45	1	0
2804	262_2	3.05	1	0
2805	262_3	1.05	1	0
2806	262_4	1.85	1	0
2807	262_5	2.6	1	1
2808	262_6	1.55	1	0
2809	262_7	2.6	1	1
2810	262_8	0.15	1	0
2811	262_9	1.4	1	0
2812	262_10	3.85	1	0
2813	263_1	-1.4	0	1
2814	263_2	-0.8	0	0
2815	263_6	-1.8	0	0
2816	263_7	0.2	1	0
2817	263_8	-1.8	0	0
2818	263_9	0.0	0	0
2819	263_10	-0.3	0	0
2820	263_11	0.25	1	0
2821	263_12	0.25	1	0
2822	263_13	-1.75	0	0
2823	263_14	-0.55	0	0
2824	263_15	-0.7	0	0
2825	263_16	0.05	1	0
2826	263_17	-1.3	0	0
2827	263_18	-0.8	0	0
2828	263_19	0.2	1	0
2829	263_20	-1.7	0	0
2830	263_21	-1.45	0	0
2831	263_22	-1.35	0	0
2832	263_23	-0.05	0	0
2833	263_24	-1.55	0	0
2834	263_25	0.35	1	0
2835	267_1	1.95	1	0
2836	267_2	0.25	1	0
2837	267_3	1.6	1	0
2838	267_4	0.5	1	0
2839	267_5	-0.55	0	0
2840	267_6	-1.4	0	0
2841	267_7	2.6	1	0
2842	267_8	0.9	1	1
2843	267_9	2.4	1	0
2844	267_10	0.55	1	0
2845	267_11	-0.85	0	0
2846	267_12	0.0	0	0
2847	267_13	-0.7	0	0
2848	267_14	-0.6	0	0
2849	267_15	0.55	1	0
2850	267_16	1.55	1	0
2851	267_17	-0.5	0	0
2852	267_18	0.05	1	0
2853	267_19	-0.7	0	0
2854	267_20	0.15	1	1
2855	267_21	-0.7	0	1
2856	267_22	-0.6	0	0
2857	267_23	0.45	1	0
2858	267_24	-1.55	0	1
2859	267_25	-0.4	0	0
2860	267_26	-0.9	0	0
2861	267_27	-1.25	0	0
2862	267_28	-0.6	0	0
2863	267_29	-1.0	0	0
2864	267_30	-0.6	0	0
2865	267_31	0.0	0	0
2866	267_32	-0.85	0	0
2867	267_33	-1.05	0	1
2868	267_34	-0.8	0	0
2869	267_35	0.5	1	0
2870	267_36	-0.65	0	0
2871	267_37	-0.95	0	0
2872	267_38	-0.5	0	0
2873	267_39	-0.55	0	0
2874	267_40	2.75	1	0
2875	267_41	0.05	1	0
2876	268_1	-2.35	0	0
2877	268_2	-1.75	0	0
2878	268_3	2.25	1	1
2879	269_1	0.05	1	1
2880	269_2	0.2	1	0
2881	269_3	1.15	1	0
2882	269_4	1.35	1	0
2883	269_5	1.1	1	0
2884	269_6	-0.2	0	0
2885	269_7	2.0	1	0
2886	269_8	0.8	1	0
2887	269_10	-0.95	0	0
2888	269_11	1.15	1	0
2889	269_12	1.05	1	1
2890	269_13	-0.5	0	0
2891	269_14	-1.25	0	1
2892	269_15	-0.7	0	1
2893	269_16	0.95	1	0
2894	269_17	1.65	1	1
2895	269_18	-1.7	0	0
2896	269_19	-0.9	0	0
2897	269_20	-1.2	0	0
2898	269_21	-1.05	0	0
2899	269_22	0.75	1	0
2900	269_23	0.95	1	1
2901	269_24	1.15	1	1
2902	269_25	-0.85	0	0
2903	269_26	-1.7	0	0
2904	269_27	-0.95	0	0
2905	269_28	-1.05	0	1
2906	269_29	0.1	1	0
2907	269_30	0.1	1	1
2908	269_31	0.95	1	0
2909	269_32	0.75	1	0
2910	269_33	-0.1	0	0
2911	269_34	2.4	1	1
2912	270_1	2.85	1	1
2913	270_2	2.7	1	0
2914	270_3	-1.0	0	0
2915	270_4	-1.3	0	0
2916	270_5	-0.8	0	0
2917	271_1	2.7	1	1
2918	271_2	0.15	1	0
2919	271_3	0.6	1	0
2920	271_4	2.3	1	1
2921	271_5	-1.9	0	0
2922	271_6	2.5	1	1
2923	271_7	-1.25	0	0
2924	271_8	2.0	1	1
2925	272_1	0.0	0	0
2926	272_2	0.15	1	0
2927	272_3	0.0	0	0
2928	272_4	-0.6	0	0
2929	272_5	0.75	1	0
2930	272_6	0.05	1	0
2931	272_7	0.25	1	1
2932	272_8	0.25	1	1
2933	272_9	0.15	1	0
2934	272_10	0.1	1	0
2935	272_11	-0.9	0	0
2936	272_12	1.2	1	1
2937	272_13	-0.6	0	0
2938	272_14	-0.3	0	0
2939	272_15	0.25	1	0
2940	272_16	0.0	0	0
2941	272_17	0.05	1	0
2942	272_18	0.05	1	0
2943	272_19	0.35	1	0
2944	272_20	0.6	1	0
2945	272_21	0.6	1	0
2946	272_22	0.85	1	0
2947	272_23	1.65	1	0
2948	272_24	0.85	1	0
2949	272_25	-1.1	0	0
2950	272_26	1.05	1	0
2951	272_27	0.6	1	0
2952	272_28	2.8	1	0
2953	272_29	0.15	1	1
2954	272_30	1.0	1	0
2955	272_31	-0.15	0	0
2956	272_32	2.1	1	1
2957	272_33	-0.8	0	1
2958	272_34	1.5	1	0
2959	272_35	-1.1	0	0
2960	272_36	1.0	1	0
2961	272_37	-0.4	0	1
2962	272_38	-0.9	0	0
2963	272_39	2.75	1	1
2964	272_40	-1.15	0	0
2965	272_41	-0.55	0	1
2966	272_42	1.05	1	0
2967	272_43	-0.2	0	0
2968	272_44	2.7	1	0
2969	272_45	1.6	1	0
2970	273_1	1.2	1	1
2971	273_2	0.0	0	0
2972	273_3	2.15	1	0
2973	273_4	2.45	1	0
2974	273_5	2.45	1	1
2975	273_6	-1.1	0	0
2976	273_7	0.75	1	1
2977	273_8	2.9	1	1
2978	274_1	-2.4	0	0
2979	274_2	0.85	1	0
2980	274_3	0.05	1	0
2981	274_4	-0.95	0	0
2982	274_5	-1.95	0	0
2983	274_6	0.8	1	0
2984	274_7	-1.05	0	1
2985	274_8	-0.15	0	0
2986	274_9	0.0	0	1
2987	274_10	-0.55	0	0
2988	274_11	-0.9	0	0
2989	274_12	-2.4	0	0
2990	274_13	0.3	1	0
2991	275_1	-0.05	0	0
2992	275_2	1.35	1	1
2993	275_3	-0.7	0	0
2994	275_4	-2.85	0	0
2995	275_5	-1.65	0	0
2996	275_6	-1.25	0	0
2997	275_7	-0.65	0	1
2998	275_8	-1.25	0	0
2999	275_9	-1.3	0	0
3000	275_10	-2.75	0	0
3001	275_11	-1.6	0	0
3002	275_12	-1.7	0	0
3003	275_13	-1.5	0	0
3004	275_14	-0.65	0	1
3005	275_15	-0.3	0	0
3006	276_1	2.6	1	1
3007	276_2	0.65	1	0
3008	276_3	1.35	1	0
3009	276_4	0.55	1	0
3010	276_5	1.4	1	0
3011	276_6	1.0	1	1
3012	276_7	-0.7	0	0
3013	276_8	-0.05	0	0
3014	276_9	0.35	1	0
3015	276_10	0.85	1	0
3016	276_11	0.55	1	0
3017	276_12	-1.05	0	0
3018	276_13	-0.95	0	0
3019	276_14	0.1	1	0
3020	276_15	1.8	1	0
3021	276_16	1.45	1	0
3022	276_17	1.8	1	1
3023	276_18	1.35	1	0
3024	276_19	2.15	1	0
3025	277_1	0.65	1	0
3026	277_2	2.65	1	1
3027	277_3	2.55	1	1
3028	277_4	2.65	1	1
3029	277_5	2.05	1	1
3030	277_6	0.95	1	0
3031	277_7	2.75	1	1
3032	277_8	2.0	1	0
3033	277_9	2.3	1	1
3034	277_10	2.65	1	0
3035	277_11	2.0	1	1
3036	278_1	-1.45	0	0
3037	278_2	0.0	0	0
3038	278_3	0.1	1	0
3039	278_4	0.0	0	0
3040	278_5	-1.8	0	0
3041	278_6	-0.7	0	0
3042	278_7	-1.5	0	0
3043	278_8	-1.65	0	0
3044	278_9	-1.05	0	0
3045	278_10	-0.65	0	0
3046	278_11	-0.75	0	0
3047	278_12	-2.65	0	0
3048	278_13	-0.2	0	0
3049	278_14	-0.25	0	0
3050	278_15	-1.15	0	0
3051	278_16	0.5	1	1
3052	279_1	2.4	1	1
3053	279_2	0.1	1	0
3054	279_3	0.0	0	0
3055	279_4	0.15	1	0
3056	279_5	2.05	1	0
3057	279_6	0.4	1	0
3058	279_7	1.3	1	1
3059	279_8	1.05	1	0
3060	279_9	1.1	1	0
3061	279_10	1.65	1	0
3062	279_11	0.7	1	0
3063	279_12	1.15	1	0
3064	279_13	2.25	1	1
3065	279_14	1.25	1	0
3066	279_15	2.45	1	1
3067	279_16	1.75	1	0
3068	279_17	0.65	1	1
3069	279_18	1.75	1	0
3070	279_19	0.75	1	0
3071	279_20	0.4	1	0
3072	279_21	-1.0	0	0
3073	279_22	0.0	0	0
3074	279_23	0.2	1	0
3075	279_24	-0.55	0	0
3076	279_25	-1.0	0	0
3077	279_26	-0.4	0	1
3078	280_1	0.05	1	1
3079	280_2	-2.35	0	0
3080	280_3	1.65	1	0
3081	280_4	-0.95	0	0
3082	280_5	1.2	1	0
3083	280_6	-1.15	0	0
3084	280_7	-1.45	0	0
3085	280_8	-0.5	0	0
3086	280_9	-0.75	0	0
3087	280_10	1.0	1	1
3088	280_11	-1.05	0	0
3089	280_12	-1.5	0	0
3090	280_13	0.15	1	0
3091	280_14	0.4	1	0
3092	280_15	-0.5	0	0
3093	280_16	-0.8	0	0
3094	280_17	-1.05	0	0
3095	280_18	-0.9	0	0
3096	280_19	-0.2	0	0
3097	280_20	-0.9	0	0
3098	280_21	-2.05	0	1
3099	280_22	0.1	1	0
3100	280_23	-2.2	0	0
3101	280_24	-1.3	0	0
3102	280_25	-1.2	0	0
3103	280_26	-0.75	0	0
3104	280_28	-1.2	0	0
3105	280_29	0.15	1	0
3106	280_30	-1.05	0	0
3107	280_31	-0.75	0	0
3108	280_32	-0.7	0	0
3109	280_33	-0.6	0	0
3110	280_34	-1.1	0	0
3111	280_35	-1.55	0	0
3112	280_36	-1.75	0	0
3113	280_37	1.3	1	0
3114	280_38	-1.05	0	0
3115	280_39	-0.1	0	0
3116	280_40	0.4	1	0
3117	280_41	0.15	1	0
3118	280_42	0.5	1	0
3119	280_43	1.45	1	0
3120	280_44	-1.9	0	0
3121	280_45	0.55	1	0
3122	280_46	-0.15	0	0
3123	280_47	0.25	1	0
3124	281_1	2.0	1	0
3125	281_2	-1.1	0	0
3126	281_3	2.65	1	0
3127	281_4	1.85	1	0
3128	281_5	2.8	1	0
3129	281_6	2.05	1	1
3130	281_7	1.25	1	0
3131	281_8	1.7	1	0
3132	281_9	0.2	1	0
3133	281_10	1.35	1	0
3134	281_11	-0.8	0	1
3135	281_12	-0.2	0	0
3136	281_13	0.05	1	0
3137	281_14	-1.1	0	1
3138	281_15	0.35	1	0
3139	282_1	0.75	1	1
3140	282_2	-2.5	0	0
3141	282_3	0.05	1	0
3142	282_4	2.05	1	1
3143	282_6	1.05	1	0
3144	282_7	1.75	1	0
3145	282_8	-1.3	0	0
3146	282_9	-0.6	0	0
3147	282_10	-1.55	0	0
3148	282_11	-1.6	0	0
3149	282_12	-1.3	0	1
3150	282_13	-2.0	0	0
3151	282_14	-1.0	0	0
3152	282_15	-2.0	0	0
3153	283_1	2.7	1	0
3154	283_2	0.0	0	0
3155	283_3	1.9	1	0
3156	283_4	2.6	1	0
3157	283_5	1.95	1	0
3158	283_6	1.55	1	1
3159	283_7	3.4	1	0
3160	283_8	2.8	1	0
3161	284_1	-1.9	0	0
3162	284_2	-1.15	0	0
3163	284_3	-2.65	0	0
3164	284_4	-1.75	0	0
3165	284_5	-1.55	0	0
3166	284_6	-2.2	0	0
3167	284_7	-1.7	0	0
3168	284_8	-1.85	0	0
3169	285_1	-0.1	0	0
3170	285_2	-1.5	0	0
3171	285_3	-0.85	0	0
3172	285_4	1.8	1	0
3173	285_5	0.35	1	0
3174	285_6	-0.65	0	0
3175	285_7	-1.3	0	0
3176	285_8	0.0	0	0
3177	285_9	-0.8	0	0
3178	285_10	-0.45	0	0
3179	285_11	-0.6	0	0
3180	285_12	-1.7	0	0
3181	285_13	-1.75	0	0
3182	285_14	-1.75	0	0
3183	285_15	-2.05	0	0
3184	285_16	-2.0	0	0
3185	285_17	0.05	1	0
3186	285_18	-2.85	0	0
3187	285_19	-1.9	0	0
3188	285_20	-1.25	0	0
3189	285_21	-1.8	0	0
3190	285_22	-2.2	0	0
3191	285_23	-3.55	0	0
3192	285_24	-1.1	0	0
3193	285_25	-1.65	0	0
3194	285_26	-1.75	0	0
3195	285_27	-1.65	0	0
3196	285_28	1.8	1	0
3197	285_29	0.1	1	0
3198	285_30	-2.45	0	0
3199	285_31	-0.35	0	0
3200	285_32	-1.75	0	0
3201	285_33	-1.65	0	0
3202	285_34	-0.75	0	0
3203	285_35	-2.4	0	1
3204	286_1	-3.0	0	0
3205	286_2	-3.1	0	0
3206	286_3	-2.45	0	0
3207	286_4	1.95	1	1
3208	286_5	0.05	1	0
3209	286_6	-1.45	0	0
3210	286_7	-1.3	0	1
3211	287_1	2.7	1	1
3212	287_2	2.55	1	1
3213	287_3	1.0	1	0
3214	287_4	1.65	1	0
3215	287_5	1.95	1	0
3216	287_6	1.1	1	0
3217	287_7	1.25	1	0
3218	287_8	1.4	1	1
3219	287_9	1.95	1	0
3220	287_10	2.55	1	1
3221	287_11	1.65	1	0
3222	287_12	1.8	1	0
3223	287_13	1.25	1	1
3224	287_14	0.75	1	0
3225	287_15	0.95	1	0
3226	287_16	1.15	1	0
3227	287_17	2.1	1	0
3228	287_18	0.8	1	0
3229	287_19	1.2	1	0
3230	287_20	1.1	1	0
3231	287_21	2.2	1	0
3232	287_22	-1.6	0	0
3233	287_23	0.15	1	1
3234	287_24	-1.25	0	0
3235	287_25	0.65	1	0
3236	287_26	-1.1	0	1
3237	287_27	-0.8	0	0
3238	287_28	-1.15	0	0
3239	287_29	-1.1	0	0
3240	287_30	-1.3	0	0
3241	287_31	2.25	1	1
3242	287_32	0.05	1	0
3243	287_33	-1.1	0	0
3244	287_34	-1.0	0	0
3245	287_35	0.4	1	0
3246	287_36	-0.05	0	0
3247	287_37	-0.85	0	0
3248	287_38	-0.75	0	0
3249	287_39	-0.05	0	0
3250	287_40	0.05	1	0
3251	287_41	0.15	1	0
3252	287_42	0.25	1	0
3253	287_43	0.7	1	0
3254	287_44	-0.5	0	0
3255	287_45	2.05	1	0
3256	287_46	1.7	1	0
3257	287_47	1.95	1	1
3258	288_1	0.05	1	0
3259	288_2	0.1	1	0
3260	288_3	-1.7	0	0
3261	288_4	-0.4	0	0
3262	288_5	-0.3	0	0
3263	288_6	-2.2	0	1
3264	288_7	-2.0	0	0
3265	289_1	0.55	1	1
3266	289_2	1.7	1	0
3267	289_4	0.0	0	0
3268	289_5	1.0	1	0
3269	289_7	0.4	1	0
3270	289_8	-1.3	0	0
3271	289_9	-0.9	0	0
3272	289_10	-2.05	0	0
3273	289_11	-2.9	0	0
3274	289_12	-0.85	0	0
3275	289_13	-1.1	0	1
3276	289_14	-1.45	0	0
3277	292_1	3.15	1	0
3278	292_2	3.0	1	0
3279	292_10	1.85	1	0
3280	292_11	1.3	1	0
3281	292_12	1.25	1	0
3282	292_13	2.45	1	1
3283	292_14	2.75	1	0
3284	292_15	-1.2	0	1
3285	292_16	-0.95	0	0
3286	292_17	-0.8	0	0
3287	292_18	0.5	1	0
3288	292_19	-0.85	0	0
3289	292_20	-0.25	0	0
3290	296_14	-1.1	0	0
3291	296_15	1.55	1	0
3292	296_16	-1.55	0	0
3293	296_17	-0.8	0	0
3294	296_18	-1.1	0	0
3295	296_19	-2.9	0	0
3296	296_20	-1.1	0	1
3297	296_21	0.85	1	1
3298	296_22	-0.9	0	0
3299	296_23	-1.3	0	0
3300	296_24	-1.2	0	0
3301	296_25	-2.6	0	0
3302	296_26	-1.85	0	0
3303	296_27	-2.3	0	0
3304	296_28	-1.7	0	0
3305	296_29	-0.9	0	0
3306	296_30	1.2	1	0
3307	296_31	-1.15	0	0
3308	296_32	0.15	1	1
3309	296_33	-1.35	0	0
3310	296_34	-1.9	0	0
3311	296_35	0.0	0	0
3312	296_36	0.0	0	0
3313	296_37	1.6	1	1
3314	296_38	1.95	1	1
3315	296_39	-1.7	0	0
3316	296_40	-1.1	0	0
3317	296_41	-0.9	0	0
3318	296_42	0.0	0	0
3319	296_43	-0.05	0	0
3320	296_44	-0.2	0	0
3321	296_45	1.5	1	0
3322	296_46	-1.25	0	0
3323	296_47	1.05	1	0
3324	296_48	-0.2	0	0
3325	296_49	-1.05	0	0
3326	296_50	-1.3	0	1
3327	296_51	0.0	0	0
3328	296_52	-0.55	0	1
3329	296_53	-0.75	0	0
3330	297_1	1.25	1	0
3331	297_2	-0.9	0	0
3332	297_3	3.1	1	0
3333	297_4	-2.8	0	0
3334	297_5	-2.25	0	0
3335	297_6	-1.6	0	0
3336	297_7	-1.95	0	0
3337	297_8	-2.1	0	0
3338	297_9	1.55	1	0
3339	297_10	0.3	1	0
3340	297_11	0.1	1	0
3341	297_12	0.25	1	0
3342	297_13	1.4	1	0
3343	298_1	-1.35	0	0
3344	298_2	1.8	1	0
3345	298_3	0.4	1	0
3346	298_4	-0.2	0	0
3347	298_5	1.6	1	0
3348	298_6	-2.0	0	0
3349	298_7	-1.1	0	0
3350	298_8	0.8	1	0
3351	298_9	0.85	1	1
3352	298_10	0.4	1	1
3353	298_11	-0.55	0	0
3354	298_12	0.0	0	1
3355	298_13	-1.95	0	0
3356	298_14	-1.45	0	0
3357	298_15	0.85	1	0
3358	298_16	-0.8	0	0
3359	298_17	0.15	1	1
3360	298_18	0.15	1	0
3361	299_1	1.65	1	1
3362	299_2	0.0	0	0
3363	299_3	-1.75	0	0
3364	299_4	-2.6	0	0
3365	299_5	-3.5	0	0
3366	299_6	-3.05	0	0
3367	299_7	0.0	0	0
3368	299_8	0.0	0	0
3369	299_9	1.65	1	0
3370	299_10	2.4	1	0
3371	299_11	-0.25	0	0
3372	299_12	0.1	1	1
3373	299_13	0.85	1	0
3374	299_14	1.6	1	1
3375	299_15	1.7	1	1
3376	299_16	1.25	1	1
3377	299_17	2.65	1	0
3378	299_18	1.5	1	0
3379	299_19	0.85	1	0
3380	299_20	2.3	1	0
3381	299_21	0.8	1	0
3382	299_22	0.6	1	1
3383	299_23	0.55	1	0
3384	299_24	1.15	1	1
3385	299_25	1.35	1	1
3386	299_26	1.0	1	0
3387	299_27	2.5	1	0
3388	299_28	-1.8	0	0
3389	299_29	-0.95	0	0
3390	299_30	-0.05	0	0
3391	299_31	-0.2	0	0
3392	299_32	-1.3	0	0
3393	299_33	-1.2	0	0
3394	299_34	-0.55	0	0
3395	300_1	2.75	1	1
3396	300_2	1.85	1	1
3397	300_3	1.55	1	0
3398	300_4	0.25	1	0
3399	300_5	1.9	1	0
3400	300_6	1.1	1	0
3401	300_7	1.6	1	0
3402	300_8	1.1	1	1
3403	300_9	1.75	1	0
3404	300_10	0.95	1	1
3405	300_11	2.1	1	1
3406	300_12	1.85	1	0
3407	300_13	1.15	1	0
3408	300_14	1.55	1	0
3409	300_15	-1.2	0	0
3410	300_16	-1.15	0	0
3411	300_17	0.7	1	0
3412	300_18	-1.2	0	0
3413	300_19	0.15	1	0
3414	301_1	1.8	1	0
3415	301_2	2.2	1	0
3416	301_3	1.65	1	1
3417	301_4	1.45	1	1
3418	301_5	0.6	1	0
3419	301_6	2.65	1	1
3420	301_7	-0.95	0	1
3421	301_8	1.4	1	0
3422	301_9	1.65	1	0
3423	301_10	-0.85	0	0
3424	301_11	-2.4	0	0
3425	301_12	-3.55	0	0
3426	301_13	2.45	1	0
3427	301_14	-0.65	0	0
3428	302_1	2.35	1	0
3429	302_2	3.15	1	0
3430	302_3	2.9	1	1
3431	302_4	-1.8	0	0
3432	302_5	0.0	0	0
3433	302_6	1.15	1	0
3434	303_1	2.8	1	0
3435	303_2	2.95	1	1
3436	303_3	3.0	1	0
3437	303_4	1.95	1	1
3438	303_5	0.55	1	0
3439	303_6	2.1	1	1
3440	303_7	2.15	1	0
3441	303_8	1.9	1	1
3442	303_9	1.85	1	1
3443	303_10	1.35	1	1
3444	303_11	2.2	1	0
3445	303_12	0.25	1	1
3446	303_13	1.1	1	0
3447	303_14	1.1	1	0
3448	303_15	2.0	1	1
3449	303_16	0.3	1	0
3450	303_17	1.3	1	0
3451	303_18	1.15	1	0
3452	303_19	1.45	1	1
3453	303_20	1.65	1	0
3454	303_21	-0.65	0	0
3455	303_22	1.15	1	0
3456	303_23	1.85	1	0
3457	303_24	1.8	1	0
3458	303_25	1.2	1	0
3459	303_26	0.35	1	0
3460	303_27	1.75	1	1
3461	303_28	2.0	1	0
3462	303_29	2.6	1	1
3463	303_30	2.5	1	0
3464	304_1	-2.6	0	1
3465	304_2	-2.55	0	0
3466	304_3	-1.65	0	0
3467	304_4	0.45	1	1
3468	304_5	-2.0	0	0
3469	304_6	-1.95	0	0
3470	304_7	-3.05	0	0
3471	305_1	-3.2	0	0
3472	305_2	-2.65	0	0
3473	305_3	-2.2	0	0
3474	305_4	-2.65	0	0
3475	306_1	-1.25	0	0
3476	306_2	0.0	0	0
3477	306_3	2.85	1	0
3478	306_4	-2.75	0	0
3479	306_5	1.85	1	0
3480	306_6	1.0	1	0
3481	306_7	-1.5	0	0
3482	306_8	-1.4	0	0
3483	306_9	-0.95	0	0
3484	306_10	-0.9	0	0
3485	306_11	-2.05	0	0
3486	306_12	-0.05	0	0
3487	306_13	-1.95	0	0
3488	306_14	-0.2	0	0
3489	306_15	-0.2	0	0
3490	306_16	-0.4	0	0
3491	306_17	-0.3	0	0
3492	306_18	-2.55	0	0
3493	306_19	-1.0	0	0
3494	306_20	0.05	1	0
3495	307_1	-2.7	0	0
3496	307_2	-3.1	0	0
3497	307_3	-1.6	0	0
3498	307_4	-0.5	0	1
3499	307_5	-1.5	0	0
3500	307_6	-2.25	0	0
3501	308_1	-2.85	0	0
3502	308_2	-0.2	0	0
3503	308_3	1.95	1	0
3504	308_4	1.8	1	1
3505	308_5	0.1	1	1
3506	308_6	2.55	1	1
3507	308_7	-1.0	0	1
3508	308_8	1.8	1	1
3509	308_9	1.5	1	1
3510	308_10	2.55	1	1
3511	308_11	2.45	1	0
3512	308_12	-1.8	0	0
3513	308_13	-0.45	0	0
3514	308_14	-1.3	0	0
3515	308_15	-1.35	0	0
3516	308_16	-1.85	0	0
3517	308_17	-0.45	0	0
3518	308_18	-0.1	0	0
3519	308_19	-2.1	0	0
3520	308_20	-2.45	0	0
3521	308_21	-2.3	0	0
3522	308_22	-1.15	0	0
3523	308_23	-1.95	0	0
3524	308_24	-1.7	0	0
3525	308_25	-0.35	0	0
3526	308_26	0.8	1	0
3527	308_27	-2.05	0	0
3528	308_28	-2.45	0	0
3529	308_29	-2.8	0	0
3530	308_30	-1.45	0	0
3531	308_31	-1.3	0	0
3532	308_32	-0.25	0	0
3533	308_33	-1.6	0	0
3534	308_34	0.4	1	0
3535	308_35	-0.1	0	0
3536	308_36	-2.9	0	0
3537	308_37	-2.05	0	0
3538	309_1	-3.0	0	0
3539	309_2	0.0	0	0
3540	309_3	0.6	1	0
3541	309_4	-1.8	0	0
3542	309_5	-1.3	0	0
3543	309_6	-1.95	0	0
3544	309_7	0.45	1	0
3545	309_8	-2.75	0	0
